PLAYER_ID,PLAYER_NAME,TEAM_ID,TEAM_ABBREVIATION,AGE,OPP_FGM,OPP_FGA,OPP_FG_PCT,OPP_FGM,OPP_FGA,OPP_FG_PCT,OPP_FGM,OPP_FGA,OPP_FG_PCT,OPP_FGM,OPP_FGA,OPP_FG_PCT,OPP_FGM,OPP_FGA,OPP_FG_PCT,OPP_FGM,OPP_FGA,OPP_FG_PCT,OPP_FGM,OPP_FGA,OPP_FG_PCT
203932,Aaron Gordon,1610612743,DEN,25.0,10.2,15.1,0.675,3.9,9.4,0.414,3.2,7.6,0.423,1.0,2.5,0.408,1.0,2.3,0.443,5.4,16.3,0.33,0.0,0.0,0.0
1628988,Aaron Holiday,1610612754,IND,24.0,6.8,11.3,0.603,2.4,5.2,0.461,1.6,4.2,0.385,0.7,1.8,0.403,0.9,1.8,0.507,3.1,8.2,0.382,0.0,0.2,0.0
1630174,Aaron Nesmith,1610612738,BOS,21.0,4.5,6.8,0.659,2.4,5.3,0.446,1.0,3.3,0.302,0.5,1.3,0.355,0.3,0.9,0.333,3.1,8.3,0.369,0.0,0.2,0.0
1627846,Abdel Nader,1610612756,PHX,27.0,5.1,7.8,0.658,2.3,4.9,0.458,1.7,4.0,0.413,0.3,1.3,0.25,0.5,1.0,0.474,2.6,8.3,0.312,0.0,0.0,0.0
1629690,Adam Mokoka,1610612741,CHI,22.0,2.0,3.0,0.667,1.1,1.9,0.615,0.9,1.9,0.462,0.7,0.8,0.8,0.6,0.6,1.0,0.3,2.3,0.143,0.0,0.0,0.0
201143,Al Horford,1610612760,OKC,34.0,9.5,14.2,0.671,3.9,8.7,0.453,3.8,8.8,0.425,0.8,2.1,0.356,0.8,2.3,0.323,5.9,16.1,0.363,0.0,0.0,0.0
202329,Al-Farouq Aminu,1610612741,CHI,30.0,7.1,10.4,0.681,1.7,5.4,0.309,2.5,5.6,0.45,1.1,2.4,0.436,0.9,2.0,0.438,4.8,13.3,0.358,0.0,0.0,0.0
202692,Alec Burks,1610612752,NYK,29.0,8.3,14.2,0.588,2.9,6.6,0.433,2.7,6.3,0.431,0.7,2.3,0.305,1.0,2.5,0.395,4.5,13.6,0.329,0.0,0.0,0.0
1630197,Aleksej Pokusevski,1610612760,OKC,19.0,8.7,13.7,0.634,3.4,8.4,0.401,2.1,5.0,0.425,1.2,2.7,0.433,0.8,2.1,0.375,4.4,13.0,0.337,0.0,0.0,0.0
1629346,Alen Smailagic,1610612744,GSW,20.0,1.3,1.8,0.714,0.8,1.0,0.75,0.3,1.0,0.333,1.0,2.0,0.5,0.0,0.0,0.0,1.3,3.0,0.417,,,
1627936,Alex Caruso,1610612747,LAL,27.0,6.8,11.1,0.618,2.1,6.0,0.345,1.6,4.8,0.33,0.7,1.8,0.359,0.6,1.4,0.415,3.7,10.4,0.36,0.0,0.1,0.25
203458,Alex Len,1610612764,WAS,27.0,4.5,7.1,0.636,2.7,6.4,0.42,2.4,5.3,0.449,0.5,1.4,0.348,0.4,1.3,0.326,3.4,8.1,0.421,0.0,0.0,0.0
1628035,Alfonzo McKinnie,1610612747,LAL,28.0,1.9,3.1,0.613,0.5,1.5,0.316,0.2,0.6,0.385,0.1,0.6,0.125,0.5,0.9,0.571,1.1,3.2,0.338,0.0,0.0,0.0
1628993,Alize Johnson,1610612751,BKN,24.0,4.5,7.5,0.6,0.0,2.5,0.0,0.5,1.5,0.333,3.0,4.5,0.667,2.0,6.0,0.333,3.5,14.5,0.241,0.0,0.0,0.0
1629599,Amir Coffey,1610612746,LAC,23.0,3.6,5.5,0.662,1.2,3.8,0.322,1.1,2.8,0.409,0.2,0.9,0.231,0.1,0.8,0.154,1.6,5.3,0.299,0.0,0.2,0.0
203083,Andre Drummond,1610612747,LAL,27.0,10.5,16.6,0.633,3.5,7.8,0.451,2.7,6.0,0.446,1.0,2.4,0.417,1.2,2.8,0.417,5.7,13.5,0.42,0.0,0.0,0.0
2738,Andre Iguodala,1610612748,MIA,37.0,6.1,10.3,0.594,2.5,5.9,0.426,1.5,4.1,0.377,1.1,3.0,0.377,0.8,2.0,0.384,4.3,12.9,0.333,0.0,0.2,0.167
203460,Andre Roberson,1610612751,BKN,29.0,5.6,7.8,0.718,0.6,3.0,0.2,2.0,4.0,0.5,0.5,1.0,0.5,0.5,1.0,0.5,3.0,7.2,0.417,0.0,0.0,0.0
203952,Andrew Wiggins,1610612744,GSW,26.0,10.1,15.8,0.638,5.4,12.8,0.423,2.9,7.7,0.382,1.4,3.0,0.458,1.3,2.9,0.435,6.3,18.0,0.35,0.0,0.1,0.0
1629014,Anfernee Simons,1610612757,POR,21.0,6.0,9.6,0.628,2.1,4.8,0.425,1.5,3.3,0.444,0.5,1.5,0.345,0.8,1.7,0.485,3.4,9.5,0.362,0.0,0.0,0.0
203076,Anthony Davis,1610612747,LAL,28.0,12.7,20.1,0.634,3.9,10.5,0.368,3.2,7.6,0.417,1.0,2.5,0.385,0.6,2.3,0.269,5.9,15.9,0.369,0.0,0.1,0.0
1630162,Anthony Edwards,1610612750,MIN,19.0,12.6,19.1,0.658,4.1,9.6,0.427,3.3,7.6,0.431,1.1,2.4,0.443,0.9,2.3,0.402,5.8,15.8,0.37,0.0,0.1,0.0
1630264,Anthony Gill,1610612764,WAS,28.0,2.7,3.9,0.692,0.5,1.4,0.353,0.7,1.9,0.353,0.2,0.8,0.2,0.2,1.3,0.125,1.5,3.6,0.404,0.0,0.3,0.0
1630237,Anthony Lamb,1610612745,HOU,23.0,6.0,9.0,0.667,2.3,4.6,0.5,1.3,2.7,0.474,0.6,1.6,0.364,0.8,3.0,0.278,3.4,8.0,0.422,0.0,0.0,0.0
1628394,Anzejs Pasecniks,1610612764,WAS,25.0,4.0,4.0,1.0,3.0,3.0,1.0,0.0,0.0,0.0,1.0,2.0,0.5,,,,1.0,4.0,0.25,,,
203382,Aron Baynes,1610612761,TOR,34.0,5.5,8.0,0.682,2.5,6.2,0.402,1.8,4.4,0.408,0.8,2.0,0.407,1.0,2.1,0.489,3.9,9.7,0.399,0.0,0.1,0.0
1630204,Ashton Hagans,1610612750,MIN,21.0,0.5,0.5,1.0,1.0,1.0,1.0,0.5,0.5,1.0,0.0,1.0,0.0,0.0,0.0,0.0,0.0,0.0,0.0,,,
203085,Austin Rivers,1610612752,NYK,28.0,7.3,12.2,0.598,2.2,5.3,0.411,2.2,4.8,0.448,0.8,2.2,0.381,0.9,2.1,0.415,4.0,11.6,0.346,0.0,0.2,0.0
202340,Avery Bradley,1610612745,HOU,30.0,6.5,9.7,0.672,2.8,6.3,0.453,1.0,4.9,0.203,1.3,3.0,0.417,0.7,1.8,0.364,4.8,13.1,0.369,0.0,0.0,0.0
1626253,Axel Toupane,1610612749,MIL,28.0,2.2,4.0,0.55,0.6,3.2,0.188,0.6,1.6,0.375,0.7,1.3,0.5,1.0,2.5,0.4,2.0,5.6,0.357,0.0,0.0,0.0
1628389,Bam Adebayo,1610612748,MIA,23.0,10.1,15.9,0.635,4.1,9.7,0.42,2.8,7.0,0.4,1.5,4.1,0.366,1.4,3.4,0.399,6.9,19.7,0.349,0.0,0.1,0.0
203463,Ben McLemore,1610612745,HOU,28.0,6.5,10.8,0.604,2.1,4.9,0.432,1.5,3.8,0.387,0.6,1.8,0.333,0.7,1.7,0.413,3.3,9.1,0.365,0.0,0.1,0.0
1627732,Ben Simmons,1610612755,PHI,24.0,12.3,19.5,0.633,4.2,10.2,0.413,3.1,8.5,0.359,0.8,2.7,0.308,0.8,2.2,0.352,7.1,18.5,0.381,0.0,0.1,0.0
202687,Bismack Biyombo,1610612766,CHA,28.0,8.0,12.3,0.653,2.2,5.3,0.406,1.6,4.0,0.389,1.3,2.9,0.45,1.1,3.0,0.375,4.4,12.3,0.357,0.0,0.1,0.0
201933,Blake Griffin,1610612751,BKN,32.0,10.1,16.2,0.625,3.4,7.6,0.453,2.4,5.6,0.436,1.0,3.0,0.32,1.0,2.6,0.379,5.6,14.4,0.389,0.0,0.1,0.0
1626246,Boban Marjanovic,1610612742,DAL,32.0,2.5,4.0,0.612,1.4,2.8,0.492,1.1,2.4,0.46,0.4,1.3,0.333,0.6,0.9,0.667,1.6,4.6,0.343,0.0,0.2,0.0
1626171,Bobby Portis,1610612749,MIL,26.0,7.0,11.0,0.64,2.9,7.2,0.403,2.5,5.7,0.449,0.9,2.1,0.427,0.5,1.4,0.333,4.6,12.7,0.36,0.0,0.1,0.0
203992,Bogdan Bogdanovic,1610612737,ATL,28.0,7.6,12.7,0.594,4.0,8.8,0.458,3.2,6.9,0.462,1.0,2.5,0.397,0.7,2.0,0.37,4.0,13.0,0.308,0.0,0.0,0.0
202711,Bojan Bogdanovic,1610612762,UTA,31.0,11.5,17.8,0.644,5.3,13.0,0.41,3.7,9.4,0.398,0.6,1.9,0.318,0.6,1.6,0.405,5.1,14.8,0.345,0.0,0.0,0.0
1629626,Bol Bol,1610612743,DEN,21.0,2.7,3.3,0.8,0.4,1.1,0.35,0.2,0.6,0.25,0.7,1.4,0.462,0.6,1.6,0.375,1.5,3.6,0.403,0.0,0.2,0.0
202954,Brad Wanamaker,1610612766,CHA,31.0,4.9,7.9,0.619,2.7,6.0,0.453,1.2,3.7,0.333,0.5,1.5,0.333,0.7,1.4,0.51,2.7,8.1,0.329,0.0,0.0,0.0
203078,Bradley Beal,1610612764,WAS,27.0,10.0,15.5,0.646,7.3,15.1,0.481,5.2,11.1,0.471,1.4,3.4,0.417,1.2,2.8,0.417,7.4,19.5,0.382,0.0,0.1,0.0
1629634,Brandon Clarke,1610612763,MEM,24.0,8.5,13.6,0.625,3.6,8.3,0.431,2.6,5.9,0.435,0.9,2.1,0.462,1.0,2.2,0.437,5.4,14.6,0.372,0.0,0.1,0.0
1629164,Brandon Goodwin,1610612737,ATL,25.0,3.8,6.2,0.609,1.2,3.0,0.395,1.5,3.2,0.452,0.7,1.4,0.517,0.3,1.0,0.333,2.0,6.1,0.33,0.0,0.1,0.0
1627742,Brandon Ingram,1610612740,NOP,23.0,12.8,19.0,0.67,3.9,9.5,0.413,2.5,7.2,0.356,1.5,3.9,0.397,1.0,2.6,0.395,8.3,20.8,0.399,0.0,0.0,0.0
1628968,Brian Bowen II,1610612754,IND,22.0,2.0,2.7,0.75,0.7,1.7,0.4,0.7,1.0,0.667,,,,,,,0.0,0.7,0.0,,,
1630271,Brodric Thomas,1610612739,CLE,24.0,4.6,8.3,0.556,1.4,3.3,0.436,0.5,1.9,0.261,0.4,1.0,0.429,0.6,1.3,0.5,1.5,5.3,0.29,0.0,0.2,0.0
201572,Brook Lopez,1610612749,MIL,33.0,7.8,13.0,0.6,4.2,10.2,0.413,3.6,8.1,0.445,1.2,2.4,0.504,1.0,2.4,0.43,6.4,17.2,0.373,0.0,0.1,0.0
1628971,Bruce Brown,1610612751,BKN,24.0,7.3,11.7,0.625,3.2,6.9,0.457,2.4,5.6,0.435,0.9,2.5,0.374,0.4,1.7,0.254,4.8,12.4,0.39,0.0,0.1,0.0
203998,Bruno Caboclo,1610612745,HOU,25.0,2.4,4.0,0.6,1.3,2.8,0.471,0.2,1.4,0.143,0.0,0.5,0.0,0.3,0.3,1.0,0.7,2.5,0.267,0.0,0.0,0.0
1628981,Bruno Fernando,1610612737,ATL,22.0,2.1,3.8,0.548,1.3,2.5,0.518,1.1,2.1,0.525,0.6,0.9,0.667,0.5,1.2,0.375,1.3,4.5,0.298,0.0,0.1,0.0
1627854,Bryn Forbes,1610612749,MIL,27.0,5.9,9.4,0.63,3.2,7.3,0.438,2.1,4.8,0.435,0.5,1.5,0.353,0.7,1.8,0.389,4.5,11.9,0.377,0.0,0.1,0.0
1627741,Buddy Hield,1610612758,SAC,28.0,14.1,20.8,0.681,5.6,12.5,0.448,3.6,8.9,0.405,1.1,2.9,0.384,0.7,1.9,0.352,7.2,18.2,0.397,0.0,0.1,0.167
1629604,CJ Elleby,1610612757,POR,20.0,2.7,4.7,0.576,1.2,2.7,0.447,0.7,1.8,0.4,0.2,0.9,0.167,0.6,1.1,0.5,1.4,4.7,0.303,0.0,0.0,0.0
203468,CJ McCollum,1610612757,POR,29.0,12.6,19.0,0.663,3.9,9.5,0.413,2.9,6.9,0.421,1.4,3.7,0.37,1.7,3.4,0.493,6.4,16.5,0.387,0.0,0.1,0.0
1628997,Caleb Martin,1610612766,CHA,25.0,5.2,8.1,0.648,1.2,2.9,0.396,0.6,2.0,0.292,1.1,2.2,0.484,0.8,2.3,0.348,3.2,8.8,0.359,0.0,0.1,0.0
1629629,Cam Reddish,1610612737,ATL,21.0,11.2,17.0,0.658,4.6,9.8,0.465,3.2,6.8,0.461,1.1,2.3,0.459,0.7,1.7,0.409,5.6,16.1,0.349,0.0,0.1,0.0
1629661,Cameron Johnson,1610612756,PHX,25.0,7.8,12.2,0.637,2.9,7.2,0.401,2.4,6.0,0.401,0.4,1.4,0.268,0.6,1.5,0.424,4.2,12.0,0.346,0.0,0.0,0.0
1626166,Cameron Payne,1610612756,PHX,26.0,5.7,8.9,0.634,2.5,5.6,0.441,1.8,4.6,0.388,0.3,1.1,0.286,0.5,1.1,0.474,2.9,8.9,0.332,0.0,0.0,0.0
1629244,Cameron Reynolds,1610612759,SAS,26.0,0.7,0.7,1.0,0.3,0.7,0.5,0.5,1.0,0.5,,,,,,,0.0,0.3,0.0,0.0,0.0,0.0
1627747,Caris LeVert,1610612754,IND,26.0,10.3,17.1,0.602,5.9,13.0,0.449,2.4,6.5,0.364,1.0,2.0,0.477,1.0,2.7,0.373,5.3,15.3,0.348,0.0,0.3,0.0
2546,Carmelo Anthony,1610612757,POR,36.0,10.2,15.5,0.658,3.1,7.2,0.425,2.2,5.2,0.427,1.0,2.6,0.387,1.3,2.2,0.563,4.9,14.5,0.338,0.0,0.2,0.0
1629035,Carsen Edwards,1610612738,BOS,23.0,3.6,4.9,0.727,1.6,3.1,0.518,0.8,2.4,0.317,0.7,1.2,0.611,0.6,1.2,0.471,2.0,5.6,0.356,0.0,0.0,0.0
1630199,Cassius Stanley,1610612754,IND,21.0,1.0,1.8,0.545,0.5,0.9,0.5,0.4,1.0,0.444,0.5,0.5,1.0,0.3,0.3,1.0,0.3,1.3,0.231,0.0,0.0,0.0
1630216,Cassius Winston,1610612764,WAS,23.0,3.0,4.5,0.667,0.8,2.7,0.292,1.8,3.4,0.519,0.5,1.0,0.5,0.1,0.9,0.167,1.7,3.8,0.435,0.0,0.0,0.0
1626224,Cedi Osman,1610612739,CLE,25.0,8.7,15.0,0.579,3.5,7.4,0.474,2.2,5.3,0.404,1.1,2.5,0.443,0.8,2.0,0.4,4.6,11.5,0.398,0.0,0.0,0.0
1628990,Chandler Hutchison,1610612764,WAS,24.0,3.6,6.8,0.529,3.2,5.9,0.547,2.6,5.7,0.451,0.7,1.3,0.556,0.3,1.0,0.333,2.4,6.9,0.348,0.0,0.0,0.0
1626184,Chasson Randle,1610612753,ORL,28.0,7.4,11.4,0.648,1.8,4.8,0.385,2.4,5.5,0.438,0.7,2.0,0.342,1.1,2.3,0.452,4.8,13.3,0.364,0.0,0.1,0.0
1629002,Chimezie Metu,1610612758,SAC,24.0,3.3,4.9,0.676,1.1,3.2,0.354,0.8,2.5,0.324,0.8,1.5,0.529,0.3,0.5,0.5,2.1,4.7,0.439,0.0,0.1,0.0
1628449,Chris Boucher,1610612761,TOR,28.0,7.0,11.1,0.633,2.7,7.0,0.386,1.6,3.8,0.408,1.2,3.3,0.365,1.1,2.8,0.415,4.6,13.4,0.346,0.0,0.1,0.0
1629185,Chris Chiozza,1610612751,BKN,25.0,3.2,4.8,0.667,1.7,4.4,0.387,0.9,1.9,0.485,0.5,1.4,0.4,0.5,1.4,0.353,2.1,5.8,0.357,0.0,0.0,0.0
101108,Chris Paul,1610612756,PHX,35.0,10.6,16.7,0.635,4.7,10.2,0.454,3.4,8.2,0.41,0.9,2.4,0.373,0.7,2.0,0.37,5.7,17.4,0.328,0.0,0.1,0.0
1629735,Chris Silva,1610612758,SAC,24.0,2.3,4.0,0.568,0.5,1.4,0.4,1.3,2.4,0.542,0.5,1.4,0.364,0.4,2.0,0.2,1.3,3.7,0.364,0.0,0.0,0.0
1626174,Christian Wood,1610612745,HOU,25.0,11.3,18.5,0.612,4.2,10.7,0.395,2.9,7.1,0.404,1.3,3.0,0.423,1.0,2.8,0.379,6.0,17.2,0.349,0.0,0.1,0.0
1629643,Chuma Okeke,1610612753,ORL,22.0,7.6,11.8,0.644,2.6,6.4,0.4,2.5,6.0,0.417,0.6,1.7,0.354,0.6,2.1,0.303,4.8,14.5,0.33,0.0,0.1,0.0
203991,Clint Capela,1610612737,ATL,26.0,10.6,17.5,0.605,4.1,10.1,0.406,3.3,7.7,0.432,1.2,2.9,0.417,0.9,2.1,0.407,4.9,15.3,0.321,0.0,0.0,0.0
1629632,Coby White,1610612741,CHI,21.0,11.6,18.4,0.632,4.6,9.8,0.467,3.5,8.1,0.433,0.9,2.5,0.36,1.1,2.3,0.49,5.8,17.0,0.342,0.0,0.0,0.0
1628998,Cody Martin,1610612766,CHA,25.0,5.2,7.9,0.659,1.5,3.3,0.459,1.0,2.5,0.405,0.8,2.2,0.368,0.5,1.8,0.291,2.9,9.2,0.321,0.0,0.1,0.0
203469,Cody Zeller,1610612766,CHA,28.0,9.0,13.2,0.686,2.2,4.6,0.481,1.3,3.6,0.356,1.2,2.7,0.434,1.4,3.3,0.414,4.5,12.8,0.353,0.0,0.0,0.0
1630175,Cole Anthony,1610612753,ORL,20.0,9.2,14.4,0.638,3.8,9.0,0.422,2.8,7.2,0.397,1.0,2.0,0.5,0.7,1.8,0.41,5.5,15.0,0.365,0.0,0.0,0.0
1629012,Collin Sexton,1610612739,CLE,22.0,13.6,22.5,0.603,4.3,9.6,0.449,3.2,7.6,0.424,1.5,3.1,0.471,1.0,2.9,0.364,7.1,18.3,0.386,0.0,0.1,0.0
202709,Cory Joseph,1610612765,DET,29.0,8.3,12.1,0.691,3.8,8.5,0.447,2.1,5.8,0.354,0.6,1.8,0.321,0.6,1.6,0.387,4.6,11.3,0.404,0.0,0.1,0.0
1626245,Cristiano Felicio,1610612741,CHI,28.0,1.2,1.9,0.647,0.3,1.4,0.231,1.4,2.0,0.688,0.2,0.8,0.2,0.2,0.6,0.333,0.4,1.7,0.267,0.0,0.0,0.0
1626156,D'Angelo Russell,1610612750,MIN,25.0,11.8,18.5,0.637,4.7,10.4,0.447,3.5,7.7,0.458,1.0,2.4,0.419,1.3,2.7,0.491,5.2,13.7,0.38,0.0,0.1,0.0
201571,D.J. Augustin,1610612745,HOU,33.0,6.0,9.3,0.639,2.8,7.3,0.391,2.1,4.9,0.435,0.9,2.1,0.424,0.6,1.3,0.429,4.2,11.3,0.369,0.0,0.2,0.0
1628391,D.J. Wilson,1610612745,HOU,25.0,3.2,5.3,0.604,1.4,3.4,0.415,1.1,2.6,0.429,0.4,1.3,0.273,0.2,0.9,0.25,2.2,6.3,0.345,0.0,0.1,0.0
1629610,DaQuan Jeffries,1610612758,SAC,23.0,5.0,6.9,0.726,1.4,4.5,0.312,1.3,4.0,0.317,0.5,1.5,0.313,0.5,1.3,0.357,3.3,7.7,0.427,0.1,0.2,0.5
1629751,Dakota Mathias,1610612755,PHI,25.0,5.4,10.8,0.5,1.1,3.3,0.346,1.9,3.9,0.484,0.6,1.4,0.429,0.5,1.5,0.333,3.4,10.3,0.329,0.0,0.0,0.0
1627745,Damian Jones,1610612747,LAL,25.0,3.5,5.5,0.636,1.4,3.2,0.437,0.8,2.0,0.405,0.2,0.8,0.231,0.4,1.3,0.278,1.9,5.2,0.365,0.0,0.0,0.0
203081,Damian Lillard,1610612757,POR,30.0,14.3,21.4,0.67,4.2,10.0,0.424,3.9,8.8,0.439,1.6,3.6,0.433,1.5,3.2,0.479,6.8,18.9,0.358,0.0,0.2,0.0
1627814,Damion Lee,1610612744,GSW,28.0,6.0,9.2,0.647,3.1,7.1,0.44,1.6,4.7,0.335,0.6,1.7,0.343,0.7,1.5,0.485,3.6,9.7,0.365,0.0,0.1,0.0
1628422,Damyean Dotson,1610612739,CLE,26.0,6.2,11.4,0.541,3.2,5.8,0.552,1.9,4.0,0.482,0.7,1.9,0.355,0.5,1.9,0.293,3.2,9.1,0.354,0.0,0.2,0.0
1629655,Daniel Gafford,1610612764,WAS,22.0,4.3,7.4,0.584,2.5,5.2,0.482,1.0,3.0,0.344,0.4,1.0,0.414,0.4,0.7,0.579,2.2,6.5,0.338,0.0,0.0,0.0
1630187,Daniel Oturu,1610612746,LAC,21.0,1.9,3.6,0.54,0.5,1.5,0.368,0.2,0.8,0.3,0.0,0.0,0.0,0.3,0.7,0.4,0.5,2.1,0.219,0.0,0.0,0.0
1628464,Daniel Theis,1610612741,CHI,28.0,7.6,12.0,0.628,3.6,8.5,0.426,2.5,5.5,0.444,0.9,2.2,0.402,0.9,2.0,0.43,4.9,13.5,0.361,0.0,0.1,0.0
201568,Danilo Gallinari,1610612737,ATL,32.0,8.2,12.6,0.651,2.9,7.6,0.385,2.3,5.5,0.424,0.9,2.3,0.408,0.6,2.0,0.328,4.3,12.4,0.349,0.0,0.1,0.0
201980,Danny Green,1610612755,PHI,33.0,10.5,16.8,0.625,3.8,9.0,0.415,2.8,7.5,0.375,0.8,2.4,0.345,0.6,1.9,0.323,6.0,15.8,0.38,0.0,0.1,0.0
203957,Dante Exum,1610612745,HOU,25.0,6.7,13.0,0.513,1.0,2.8,0.353,1.0,3.0,0.333,0.0,0.8,0.0,0.8,2.4,0.333,6.2,12.6,0.492,0.0,0.2,0.0
1627863,Danuel House Jr.,1610612745,HOU,27.0,10.3,15.3,0.671,4.3,10.2,0.418,2.2,5.6,0.398,1.2,2.4,0.507,1.1,2.5,0.435,5.6,14.9,0.374,0.0,0.2,0.0
203967,Dario Saric,1610612756,PHX,26.0,6.4,9.7,0.663,2.3,5.9,0.386,1.8,4.8,0.371,0.3,1.3,0.222,0.5,0.9,0.5,3.1,9.4,0.33,0.0,0.1,0.0
1629647,Darius Bazley,1610612760,OKC,20.0,11.9,17.4,0.688,3.9,8.7,0.444,3.3,8.1,0.405,1.0,2.6,0.389,1.0,2.9,0.333,6.6,18.6,0.354,0.0,0.1,0.0
1629636,Darius Garland,1610612739,CLE,21.0,12.3,20.0,0.616,5.0,10.0,0.501,2.8,6.8,0.404,1.2,2.7,0.443,1.4,3.2,0.431,6.3,16.2,0.385,0.0,0.1,0.0
203121,Darius Miller,1610612760,OKC,31.0,3.9,6.1,0.628,1.9,4.8,0.403,1.7,3.4,0.511,0.4,1.1,0.385,0.2,1.0,0.182,1.1,5.8,0.185,0.0,0.0,0.0
1628021,David Nwaba,1610612745,HOU,28.0,8.0,13.4,0.598,3.1,7.2,0.433,2.4,6.2,0.395,0.6,2.0,0.317,0.8,2.1,0.371,4.1,11.3,0.363,0.0,0.0,0.0
202722,Davis Bertans,1610612764,WAS,28.0,6.0,9.4,0.635,5.6,11.8,0.473,3.7,7.9,0.466,0.9,2.4,0.357,0.9,2.2,0.395,4.9,12.6,0.387,0.0,0.0,0.0
1628368,De'Aaron Fox,1610612758,SAC,23.0,14.2,21.1,0.671,5.4,12.4,0.433,3.6,8.6,0.42,1.2,2.8,0.421,0.7,2.1,0.32,7.2,18.5,0.391,0.0,0.1,0.25
1629631,De'Andre Hunter,1610612737,ATL,23.0,11.0,18.2,0.602,4.6,10.4,0.44,3.2,8.0,0.394,0.8,2.6,0.32,1.1,2.7,0.389,5.4,16.7,0.32,0.0,0.1,0.0
1629001,De'Anthony Melton,1610612763,MEM,22.0,6.9,10.9,0.635,2.7,6.0,0.442,1.5,4.1,0.37,0.7,1.7,0.426,0.7,1.7,0.442,3.6,11.8,0.304,0.0,0.0,0.0
201599,DeAndre Jordan,1610612751,BKN,32.0,7.2,11.7,0.619,3.8,8.7,0.444,2.6,6.1,0.418,0.9,2.4,0.394,0.5,1.9,0.293,4.9,12.2,0.4,0.0,0.1,0.0
1627761,DeAndre' Bembry,1610612761,TOR,26.0,5.2,8.3,0.624,2.5,5.7,0.436,1.1,3.0,0.378,1.0,2.5,0.385,1.2,2.7,0.433,3.4,10.3,0.328,0.0,0.2,0.0
201942,DeMar DeRozan,1610612759,SAS,31.0,13.0,21.0,0.621,4.9,11.3,0.435,3.7,8.5,0.432,1.0,2.4,0.419,1.1,2.4,0.441,6.9,17.8,0.386,0.0,0.1,0.0
202326,DeMarcus Cousins,1610612745,HOU,30.0,6.9,10.9,0.636,2.4,5.6,0.429,2.5,6.6,0.384,0.6,1.3,0.438,0.6,1.6,0.359,3.8,10.5,0.363,0.0,0.1,0.0
1629731,Dean Wade,1610612739,CLE,24.0,5.0,8.6,0.582,2.3,4.6,0.497,1.3,3.3,0.386,0.7,1.6,0.429,0.9,1.6,0.551,2.6,7.2,0.36,0.0,0.2,0.0
1629028,Deandre Ayton,1610612756,PHX,22.0,10.4,16.3,0.636,4.5,10.0,0.447,3.4,8.1,0.426,0.9,2.2,0.404,0.9,2.2,0.426,5.4,16.6,0.325,0.0,0.0,0.0
1629686,Deividas Sirvydis,1610612765,DET,20.0,0.1,0.4,0.333,0.8,1.1,0.667,0.0,0.5,0.0,0.2,0.6,0.333,0.0,0.5,0.0,0.3,0.9,0.375,,,
1627749,Dejounte Murray,1610612759,SAS,24.0,12.0,19.6,0.611,4.2,10.6,0.394,3.4,7.8,0.443,1.3,2.9,0.444,0.9,2.3,0.392,6.1,16.2,0.378,0.0,0.0,0.0
1626153,Delon Wright,1610612758,SAC,28.0,11.2,17.9,0.624,3.6,7.9,0.448,2.6,5.8,0.441,0.8,2.2,0.356,0.8,2.2,0.365,5.5,13.8,0.4,0.0,0.2,0.0
1630166,Deni Avdija,1610612764,WAS,20.0,5.6,8.3,0.674,5.5,11.3,0.488,2.7,6.9,0.396,0.9,2.3,0.402,0.7,1.9,0.38,4.7,11.9,0.397,0.0,0.0,0.0
203471,Dennis Schroder,1610612747,LAL,27.0,12.6,19.3,0.654,4.0,10.2,0.389,3.0,7.2,0.413,1.2,2.8,0.414,0.7,2.2,0.337,5.4,15.8,0.342,0.0,0.0,0.0
1628372,Dennis Smith Jr.,1610612765,DET,23.0,6.8,11.2,0.61,2.7,6.8,0.403,1.7,4.4,0.398,0.5,1.9,0.25,0.4,1.5,0.231,2.8,8.1,0.351,0.0,0.0,0.0
1627756,Denzel Valentine,1610612741,CHI,27.0,6.4,10.5,0.606,2.7,6.2,0.433,2.2,4.9,0.46,1.0,1.8,0.525,0.5,1.1,0.447,2.6,8.8,0.3,0.0,0.1,0.0
202324,Derrick Favors,1610612762,UTA,29.0,6.3,9.3,0.678,2.9,6.3,0.465,1.3,4.0,0.337,0.4,1.0,0.368,0.4,0.9,0.421,2.7,7.5,0.365,0.0,0.0,0.0
1627884,Derrick Jones Jr.,1610612757,POR,24.0,10.3,16.2,0.639,2.9,7.0,0.41,2.9,6.6,0.435,0.9,2.4,0.352,0.9,2.1,0.435,5.0,13.3,0.371,0.0,0.1,0.0
201565,Derrick Rose,1610612752,NYK,32.0,8.6,15.0,0.569,2.5,6.1,0.406,2.0,5.1,0.396,0.8,2.0,0.385,0.7,2.1,0.351,4.0,11.5,0.344,0.0,0.3,0.0
1628401,Derrick White,1610612759,SAS,26.0,10.0,15.8,0.629,4.0,10.2,0.387,3.2,7.1,0.446,1.3,2.6,0.483,1.2,2.6,0.456,5.4,14.5,0.371,0.0,0.1,0.0
1630217,Desmond Bane,1610612763,MEM,22.0,7.2,11.6,0.623,3.7,7.5,0.492,1.9,5.0,0.385,0.9,2.0,0.462,0.9,1.6,0.522,4.3,12.7,0.338,0.0,0.1,0.0
1626164,Devin Booker,1610612756,PHX,24.0,11.7,18.2,0.643,5.0,11.3,0.441,3.8,9.2,0.414,0.8,2.4,0.353,1.0,2.3,0.433,5.8,17.7,0.325,0.0,0.1,0.0
1630170,Devin Vassell,1610612759,SAS,20.0,5.7,10.0,0.567,2.3,5.2,0.433,1.6,3.8,0.413,0.6,1.7,0.365,0.5,1.3,0.404,3.2,9.1,0.35,0.0,0.1,0.0
1629653,Devon Dotson,1610612741,CHI,21.0,0.3,0.3,1.0,0.7,1.0,0.667,1.3,2.0,0.667,1.0,1.0,1.0,0.0,0.0,0.0,0.3,3.0,0.111,0.0,0.0,0.0
1629719,Devontae Cacok,1610612747,LAL,24.0,1.9,2.3,0.826,0.5,1.1,0.455,0.3,0.5,0.5,0.2,0.8,0.25,0.6,1.0,0.6,1.0,3.7,0.27,0.0,0.0,0.0
1628984,Devonte' Graham,1610612766,CHA,26.0,11.0,17.1,0.644,3.2,7.6,0.424,1.6,4.9,0.328,1.7,4.2,0.4,1.4,4.2,0.331,5.4,16.0,0.335,0.0,0.1,0.0
1628415,Dillon Brooks,1610612763,MEM,25.0,9.7,15.8,0.616,4.4,9.6,0.459,2.9,6.7,0.434,1.1,2.4,0.461,0.8,2.3,0.34,5.9,16.1,0.365,0.0,0.0,0.0
1627734,Domantas Sabonis,1610612754,IND,24.0,13.7,22.4,0.613,4.9,10.9,0.448,3.3,8.6,0.386,1.4,3.2,0.432,1.4,3.2,0.426,6.5,17.0,0.379,0.0,0.1,0.0
1628378,Donovan Mitchell,1610612762,UTA,24.0,12.3,19.5,0.632,5.6,13.8,0.404,3.9,10.1,0.391,0.7,2.3,0.33,0.8,2.0,0.414,6.2,17.0,0.364,0.0,0.0,0.0
1628978,Donte DiVincenzo,1610612749,MIL,24.0,8.6,14.1,0.614,4.6,10.0,0.46,3.5,7.9,0.441,1.0,2.3,0.437,1.0,2.2,0.485,5.8,16.2,0.356,0.0,0.2,0.0
1627827,Dorian Finney-Smith,1610612742,DAL,27.0,10.3,15.7,0.652,3.9,9.5,0.413,3.0,7.3,0.409,1.2,3.1,0.393,0.9,2.3,0.392,7.2,18.9,0.379,0.0,0.1,0.0
203926,Doug McDermott,1610612754,IND,29.0,9.9,16.1,0.614,3.3,7.6,0.441,1.8,5.5,0.332,1.0,2.4,0.408,1.0,2.3,0.443,4.7,11.9,0.392,0.0,0.1,0.0
203110,Draymond Green,1610612744,GSW,31.0,8.9,14.1,0.626,4.9,11.5,0.429,2.7,7.3,0.365,1.1,2.5,0.456,1.5,3.3,0.444,6.0,17.3,0.346,0.0,0.0,0.0
1629234,Drew Eubanks,1610612759,SAS,24.0,4.6,7.2,0.632,1.8,4.3,0.408,1.3,3.1,0.429,0.6,1.5,0.395,0.5,1.4,0.333,2.7,7.7,0.356,0.0,0.1,0.0
1629130,Duncan Robinson,1610612748,MIA,26.0,10.0,15.9,0.626,4.0,9.1,0.444,2.9,6.9,0.418,1.6,4.2,0.388,1.2,3.3,0.369,6.5,19.0,0.34,0.0,0.0,0.5
1628407,Dwayne Bacon,1610612753,ORL,25.0,9.4,13.9,0.673,3.0,7.5,0.393,2.6,5.9,0.447,1.0,2.4,0.435,1.0,2.4,0.421,4.9,15.0,0.326,0.0,0.0,0.0
2730,Dwight Howard,1610612755,PHI,35.0,6.1,9.9,0.622,2.4,5.9,0.41,1.8,4.8,0.366,0.3,1.1,0.292,0.5,1.4,0.316,3.3,9.0,0.371,0.0,0.1,0.0
203939,Dwight Powell,1610612742,DAL,29.0,5.1,7.4,0.683,2.1,4.9,0.425,0.8,2.8,0.264,0.4,1.2,0.333,0.4,1.1,0.367,2.9,8.5,0.341,0.0,0.2,0.0
1629685,Dylan Windler,1610612739,CLE,24.0,6.4,11.0,0.578,2.3,4.6,0.497,1.7,3.7,0.461,0.9,2.0,0.429,0.5,1.3,0.393,2.9,7.5,0.388,0.0,0.1,0.0
202734,E'Twaun Moore,1610612756,PHX,32.0,5.1,7.3,0.693,1.8,4.9,0.368,1.6,4.0,0.402,0.4,1.3,0.273,0.3,1.0,0.35,2.9,7.8,0.372,0.0,0.0,0.0
202334,Ed Davis,1610612750,MIN,31.0,4.7,7.6,0.62,2.1,4.6,0.443,1.9,3.9,0.486,0.5,1.1,0.5,0.6,1.3,0.474,2.3,6.8,0.333,0.0,0.0,0.0
1628410,Edmond Sumner,1610612754,IND,25.0,5.3,8.3,0.648,1.8,4.1,0.438,1.4,3.5,0.413,0.5,1.3,0.412,0.7,1.5,0.486,2.0,5.5,0.362,0.0,0.2,0.0
203901,Elfrid Payton,1610612752,NYK,27.0,10.2,16.1,0.633,2.5,5.7,0.432,2.3,5.6,0.406,1.0,2.8,0.361,0.7,2.4,0.311,5.5,16.7,0.332,0.0,0.1,0.0
1630190,Elijah Hughes,1610612762,UTA,23.0,1.6,2.5,0.64,0.4,1.2,0.364,0.4,0.6,0.6,0.0,0.0,0.0,0.2,0.3,0.5,0.5,3.0,0.167,0.0,0.0,0.0
202683,Enes Kanter,1610612757,POR,28.0,10.2,15.5,0.656,3.5,8.1,0.428,3.1,6.7,0.471,1.1,2.8,0.409,1.1,2.3,0.5,4.7,13.3,0.354,0.0,0.2,0.0
202339,Eric Bledsoe,1610612740,NOP,31.0,11.5,17.1,0.67,3.7,8.3,0.449,2.3,6.4,0.365,1.5,3.3,0.438,0.9,2.4,0.385,7.1,18.1,0.392,0.0,0.1,0.0
201569,Eric Gordon,1610612745,HOU,32.0,11.0,16.9,0.653,4.1,9.7,0.418,2.7,6.6,0.402,1.0,2.5,0.403,1.1,2.7,0.425,5.3,14.9,0.352,0.0,0.1,0.0
1629672,Eric Paschall,1610612744,GSW,24.0,5.6,8.6,0.652,3.1,7.0,0.44,1.7,4.3,0.389,0.8,1.5,0.509,0.6,1.3,0.477,3.3,9.2,0.355,0.0,0.0,0.0
101141,Ersan Ilyasova,1610612762,UTA,33.0,1.5,1.5,1.0,0.3,1.3,0.2,0.7,1.0,0.667,0.3,0.8,0.333,0.0,0.3,0.0,1.3,3.3,0.385,,,
203095,Evan Fournier,1610612738,BOS,28.0,10.6,15.8,0.671,4.3,9.8,0.436,3.6,8.1,0.449,1.3,2.6,0.507,1.0,2.4,0.403,6.9,18.1,0.379,0.0,0.0,0.0
1630267,Facundo Campazzo,1610612743,DEN,30.0,6.1,9.0,0.677,2.1,5.1,0.419,1.6,4.0,0.416,0.7,1.7,0.424,0.5,1.8,0.29,3.3,9.5,0.351,0.0,0.2,0.0
1628402,Frank Jackson,1610612765,DET,22.0,4.1,6.3,0.655,2.3,5.2,0.449,1.0,3.1,0.321,0.6,1.9,0.31,0.6,1.6,0.385,2.3,6.8,0.331,0.0,0.1,0.0
1626163,Frank Kaminsky,1610612756,PHX,27.0,5.5,8.1,0.683,2.1,5.4,0.39,2.0,4.5,0.455,0.3,1.2,0.242,0.3,0.9,0.304,2.9,8.6,0.333,0.0,0.0,0.0
1628412,Frank Mason,1610612753,ORL,26.0,5.5,8.8,0.629,1.8,5.8,0.304,3.3,6.0,0.542,1.0,1.7,0.6,0.7,2.0,0.333,4.3,13.8,0.309,0.0,0.0,0.0
1628373,Frank Ntilikina,1610612752,NYK,22.0,5.2,8.5,0.607,0.9,2.4,0.385,1.8,3.9,0.448,0.7,2.1,0.333,0.5,1.6,0.333,2.4,7.0,0.336,0.0,0.0,0.0
1627832,Fred VanVleet,1610612761,TOR,27.0,11.3,17.4,0.653,4.3,11.8,0.363,3.1,7.3,0.428,1.8,4.4,0.4,1.6,3.7,0.433,6.7,19.2,0.348,0.0,0.2,0.143
1627788,Furkan Korkmaz,1610612755,PHI,23.0,6.4,9.9,0.65,2.8,7.0,0.395,1.8,5.4,0.34,0.3,1.4,0.217,0.4,1.3,0.282,3.5,9.3,0.38,0.0,0.1,0.0
1629216,Gabe Vincent,1610612748,MIA,24.0,3.8,6.9,0.557,1.7,4.0,0.426,1.6,3.1,0.515,0.8,2.4,0.342,0.7,2.0,0.368,3.4,9.5,0.361,0.0,0.0,0.0
202066,Garrett Temple,1610612741,CHI,34.0,10.4,16.4,0.633,3.6,8.0,0.451,3.0,6.9,0.435,0.8,1.9,0.429,0.8,2.0,0.397,4.8,14.4,0.331,0.0,0.1,0.0
1629726,Garrison Mathews,1610612764,WAS,24.0,5.8,8.5,0.685,4.1,8.4,0.493,2.6,6.0,0.429,0.6,1.5,0.386,0.6,1.8,0.353,3.8,10.1,0.376,0.0,0.0,0.0
1629109,Gary Clark,1610612743,DEN,26.0,6.6,9.9,0.668,2.2,5.5,0.406,2.0,4.2,0.466,1.0,2.0,0.484,0.8,1.8,0.431,3.7,10.6,0.347,0.0,0.0,0.0
203914,Gary Harris,1610612753,ORL,26.0,9.9,14.2,0.699,4.4,9.9,0.441,3.3,8.1,0.412,1.5,3.4,0.446,0.9,2.6,0.34,5.4,15.7,0.344,0.0,0.1,0.0
1629018,Gary Trent Jr.,1610612761,TOR,22.0,12.5,19.0,0.656,3.7,8.7,0.426,3.0,7.0,0.424,1.4,3.2,0.432,1.3,2.5,0.509,5.6,16.5,0.341,0.0,0.1,0.0
201588,George Hill,1610612755,PHI,34.0,9.6,14.4,0.667,3.2,7.9,0.409,3.4,7.6,0.439,1.2,2.6,0.459,0.9,2.3,0.375,5.0,14.4,0.347,0.0,0.1,0.0
1627777,Georges Niang,1610612762,UTA,27.0,4.0,6.4,0.623,2.0,5.8,0.347,1.5,4.1,0.366,0.4,0.9,0.432,0.3,0.9,0.368,2.4,7.6,0.318,0.0,0.0,0.0
203507,Giannis Antetokounmpo,1610612749,MIL,26.0,9.9,16.1,0.617,5.2,12.1,0.429,4.5,10.3,0.435,1.3,3.0,0.427,1.3,2.8,0.451,7.5,20.7,0.362,0.0,0.1,0.0
203922,Glenn Robinson III,1610612758,SAC,27.0,7.0,9.8,0.711,2.7,6.2,0.437,1.4,4.0,0.348,0.9,1.6,0.529,0.7,1.3,0.519,3.0,7.6,0.389,0.0,0.1,0.0
1629048,Goga Bitadze,1610612754,IND,21.0,4.0,6.7,0.592,1.5,2.8,0.514,0.8,2.1,0.389,0.4,1.0,0.368,0.5,1.2,0.435,1.9,4.6,0.419,0.0,0.1,0.0
201609,Goran Dragic,1610612748,MIA,34.0,8.5,13.8,0.617,3.2,7.2,0.442,2.0,5.3,0.373,1.1,3.7,0.311,0.7,2.7,0.275,5.6,15.5,0.36,0.0,0.1,0.25
202330,Gordon Hayward,1610612766,CHA,31.0,13.8,21.0,0.659,3.6,8.2,0.432,2.1,5.7,0.364,1.8,4.3,0.412,1.7,4.5,0.383,6.6,19.2,0.342,0.0,0.1,0.0
203476,Gorgui Dieng,1610612759,SAS,31.0,6.0,9.8,0.609,2.1,4.3,0.48,1.0,3.0,0.314,0.9,2.4,0.386,0.5,1.1,0.417,3.6,9.6,0.379,0.0,0.0,0.0
1629684,Grant Williams,1610612738,BOS,22.0,5.9,9.2,0.644,2.8,6.5,0.434,1.3,3.3,0.394,0.6,1.4,0.411,0.8,2.0,0.397,4.0,10.4,0.382,0.0,0.1,0.0
1628960,Grayson Allen,1610612763,MEM,25.0,7.9,12.3,0.641,3.4,8.0,0.424,2.1,5.5,0.389,0.6,1.8,0.333,0.7,1.7,0.423,5.6,14.8,0.378,0.0,0.1,0.0
204222,Greg Whittington,1610612743,DEN,28.0,0.7,1.0,0.667,0.3,1.0,0.333,0.0,0.3,0.0,,,,0.0,2.0,0.0,0.5,2.8,0.182,,,
1628977,Hamidou Diallo,1610612765,DET,22.0,8.9,13.1,0.674,2.9,8.0,0.356,1.9,5.5,0.354,0.9,2.2,0.427,0.6,2.1,0.278,4.9,13.9,0.35,0.0,0.0,0.0
203084,Harrison Barnes,1610612758,SAC,28.0,14.1,21.3,0.663,5.8,13.2,0.442,3.8,9.0,0.418,1.2,3.0,0.39,0.6,1.9,0.298,7.3,19.1,0.384,0.0,0.1,0.0
1628385,Harry Giles III,1610612757,POR,22.0,4.2,6.4,0.653,1.2,3.0,0.408,1.0,2.5,0.383,0.5,1.7,0.289,0.8,1.6,0.484,2.3,7.3,0.321,0.0,0.0,0.0
202355,Hassan Whiteside,1610612758,SAC,31.0,5.5,8.2,0.677,2.8,6.3,0.443,1.6,4.5,0.36,0.4,1.1,0.333,0.6,1.6,0.371,3.0,7.4,0.401,0.0,0.0,0.0
1627740,Henry Ellenson,1610612761,TOR,24.0,6.5,10.0,0.65,0.5,3.0,0.167,0.5,1.0,0.5,1.0,3.0,0.333,0.5,1.5,0.333,3.5,14.5,0.241,0.0,0.0,0.0
1629649,Ignas Brazdeikis,1610612755,PHI,22.0,0.5,0.8,0.667,0.3,0.8,0.333,1.0,1.0,1.0,,,,,,,0.3,1.3,0.25,0.0,0.0,0.0
202697,Iman Shumpert,1610612751,BKN,30.0,2.5,4.0,0.625,0.5,3.0,0.167,0.0,0.0,0.0,0.0,0.0,0.0,0.0,0.0,0.0,1.5,2.0,0.75,0.0,0.0,0.0
1630193,Immanuel Quickley,1610612752,NYK,21.0,6.3,11.0,0.58,2.2,5.6,0.389,2.0,4.4,0.447,0.6,1.9,0.316,0.8,1.9,0.44,3.7,10.2,0.36,0.0,0.1,0.0
1629067,Isaac Bonga,1610612764,WAS,21.0,3.0,4.8,0.627,2.3,5.4,0.417,1.7,4.3,0.405,0.5,1.5,0.344,0.5,1.2,0.385,2.4,7.0,0.335,0.0,0.1,0.0
1630171,Isaac Okoro,1610612739,CLE,20.0,11.7,18.4,0.638,5.2,10.0,0.526,2.9,6.8,0.423,1.1,2.8,0.387,1.1,3.0,0.386,5.8,15.8,0.369,0.0,0.1,0.0
1628392,Isaiah Hartenstein,1610612739,CLE,22.0,3.0,4.5,0.669,0.7,2.6,0.274,1.1,2.4,0.446,0.6,1.2,0.5,0.7,1.7,0.425,1.7,5.4,0.305,0.0,0.1,0.0
1630198,Isaiah Joe,1610612755,PHI,21.0,4.0,6.2,0.645,0.9,2.3,0.382,0.7,1.9,0.37,0.6,1.2,0.471,0.8,1.7,0.474,2.2,6.5,0.344,0.0,0.2,0.0
1629676,Isaiah Roby,1610612760,OKC,23.0,9.0,13.7,0.66,2.9,7.0,0.415,1.9,4.6,0.4,1.1,2.2,0.477,0.9,2.3,0.389,4.9,14.4,0.336,0.0,0.1,0.0
1630191,Isaiah Stewart,1610612765,DET,19.0,6.4,11.0,0.578,2.9,6.6,0.446,1.8,4.3,0.417,0.6,1.6,0.37,0.7,1.8,0.385,3.2,9.0,0.356,0.0,0.2,0.0
202397,Ish Smith,1610612764,WAS,32.0,4.6,7.7,0.592,4.4,8.9,0.497,3.2,7.8,0.409,0.9,2.4,0.39,0.6,1.8,0.357,3.7,10.0,0.374,0.0,0.1,0.0
1627826,Ivica Zubac,1610612746,LAC,24.0,6.5,10.2,0.632,3.8,8.5,0.448,2.6,6.0,0.433,0.7,1.6,0.472,0.5,1.3,0.377,4.3,11.8,0.368,0.0,0.1,0.0
200755,JJ Redick,1610612742,DAL,36.0,7.3,10.3,0.709,1.9,5.2,0.373,1.3,3.2,0.404,0.8,2.2,0.373,0.5,1.3,0.385,4.6,11.8,0.387,0.0,0.1,0.0
1629630,Ja Morant,1610612763,MEM,21.0,10.4,16.3,0.636,4.9,10.5,0.473,2.9,6.8,0.428,1.2,2.3,0.512,1.2,2.8,0.434,6.9,18.5,0.37,0.0,0.1,0.0
203960,JaKarr Sampson,1610612754,IND,28.0,2.1,3.7,0.559,1.0,2.1,0.471,0.7,1.8,0.393,0.4,1.0,0.4,0.3,1.3,0.231,0.9,2.8,0.31,0.0,0.1,0.0
203210,JaMychal Green,1610612743,DEN,30.0,6.4,9.1,0.703,2.2,5.3,0.419,1.7,4.4,0.377,0.9,2.0,0.463,0.6,1.7,0.368,3.1,9.9,0.314,0.0,0.2,0.0
201580,JaVale McGee,1610612743,DEN,33.0,4.6,8.7,0.53,2.4,4.6,0.52,1.2,3.0,0.394,0.8,1.6,0.523,0.4,1.3,0.3,2.9,7.8,0.37,0.0,0.1,0.0
203953,Jabari Parker,1610612758,SAC,26.0,5.7,7.0,0.81,0.7,1.7,0.4,0.7,1.7,0.4,0.0,1.0,0.0,0.0,0.5,0.0,2.3,4.0,0.583,,,
1630183,Jaden McDaniels,1610612750,MIN,20.0,7.9,12.8,0.615,2.5,6.9,0.37,2.3,5.5,0.416,0.8,2.0,0.429,0.6,1.4,0.453,4.2,11.1,0.379,0.0,0.1,0.0
203109,Jae Crowder,1610612756,PHX,30.0,8.8,15.1,0.584,4.0,8.8,0.452,2.8,7.4,0.383,0.9,2.2,0.432,0.8,1.9,0.388,5.0,14.9,0.335,0.0,0.1,0.0
1630256,Jae'Sean Tate,1610612745,HOU,25.0,10.6,16.1,0.658,3.9,9.5,0.406,2.7,6.4,0.415,1.1,2.6,0.407,1.0,2.4,0.409,5.3,14.9,0.359,0.0,0.1,0.0
1626143,Jahlil Okafor,1610612765,DET,25.0,3.7,5.9,0.62,1.2,2.5,0.467,0.8,1.8,0.409,0.2,1.1,0.182,0.3,1.1,0.273,2.4,6.0,0.403,0.0,0.0,0.0
1630186,Jahmi'us Ramsey,1610612758,SAC,19.0,1.2,2.2,0.545,0.0,0.4,0.0,0.3,1.7,0.2,0.5,1.0,0.5,0.0,0.0,0.0,1.4,2.6,0.538,,,
1627774,Jake Layman,1610612750,MIN,27.0,5.5,8.8,0.627,2.2,5.7,0.378,1.6,3.8,0.423,0.5,1.4,0.348,0.5,1.4,0.381,3.1,7.9,0.394,0.0,0.2,0.0
1627751,Jakob Poeltl,1610612759,SAS,25.0,8.2,14.3,0.57,3.3,8.1,0.401,2.7,6.2,0.428,1.0,2.3,0.44,1.0,2.0,0.465,5.0,13.3,0.376,0.0,0.0,0.0
1628973,Jalen Brunson,1610612742,DAL,24.0,7.9,12.8,0.617,3.2,7.5,0.424,2.1,5.5,0.384,0.8,2.2,0.366,1.0,2.0,0.494,5.5,15.7,0.353,0.0,0.2,0.0
1630223,Jalen Harris,1610612761,TOR,22.0,2.0,2.0,1.0,0.0,0.7,0.0,0.0,0.0,0.0,0.0,0.5,0.0,0.0,0.0,0.0,0.8,2.8,0.273,,,
1629665,Jalen Lecque,1610612754,IND,20.0,1.5,2.8,0.545,0.3,1.0,0.25,0.3,1.0,0.25,,,,0.0,0.0,0.0,0.3,0.7,0.5,,,
1629667,Jalen McDaniels,1610612766,CHA,23.0,4.5,6.6,0.681,1.3,2.8,0.459,0.8,2.0,0.386,1.0,1.9,0.541,0.5,1.3,0.375,2.6,6.5,0.399,0.0,0.2,0.0
1630188,Jalen Smith,1610612756,PHX,21.0,1.6,2.4,0.667,0.8,1.7,0.455,0.3,2.0,0.167,0.4,1.0,0.375,0.4,1.0,0.4,1.3,3.1,0.409,0.0,0.0,0.0
1627750,Jamal Murray,1610612743,DEN,24.0,11.7,17.2,0.682,4.7,10.3,0.452,3.6,8.8,0.411,1.8,3.9,0.474,1.3,3.4,0.395,6.0,18.4,0.328,0.0,0.1,0.0
203516,James Ennis III,1610612753,ORL,30.0,7.4,11.7,0.632,2.8,6.5,0.426,2.3,5.5,0.415,0.9,2.2,0.394,0.9,2.1,0.419,5.3,13.9,0.378,0.0,0.0,0.0
201935,James Harden,1610612751,BKN,31.0,13.3,20.5,0.65,5.8,12.8,0.45,3.6,8.4,0.433,1.6,4.0,0.39,1.1,3.0,0.355,8.0,21.1,0.378,0.0,0.1,0.0
201949,James Johnson,1610612740,NOP,34.0,5.9,9.1,0.651,2.6,6.2,0.42,1.6,4.6,0.343,0.6,1.7,0.362,0.6,1.5,0.395,3.7,10.4,0.353,0.0,0.1,0.0
1630164,James Wiseman,1610612744,GSW,20.0,8.0,12.1,0.664,3.2,7.8,0.411,1.9,4.8,0.387,0.6,1.9,0.323,0.7,2.0,0.343,4.3,12.3,0.353,0.0,0.0,0.0
201162,Jared Dudley,1610612747,LAL,35.0,2.4,3.9,0.605,0.5,1.8,0.3,0.1,0.5,0.25,0.2,0.8,0.25,1.0,1.2,0.857,1.6,4.4,0.375,0.0,0.0,0.0
1629607,Jared Harper,1610612752,NYK,23.0,1.3,1.7,0.8,0.0,0.5,0.0,1.0,1.3,0.75,,,,0.0,1.0,0.0,1.0,1.7,0.6,,,
1629020,Jarred Vanderbilt,1610612750,MIN,21.0,7.5,11.7,0.636,2.5,6.2,0.401,1.7,4.5,0.383,0.7,1.5,0.443,0.4,1.2,0.326,3.3,8.9,0.372,0.0,0.0,0.0
1629714,Jarrell Brantley,1610612762,UTA,24.0,1.0,1.6,0.619,0.6,1.9,0.333,0.3,0.7,0.5,0.0,0.0,0.0,0.1,0.5,0.2,0.3,1.6,0.167,0.0,0.0,0.0
1628386,Jarrett Allen,1610612739,CLE,22.0,11.2,18.7,0.599,4.8,9.6,0.496,2.6,6.5,0.392,1.0,2.5,0.398,0.9,2.5,0.373,5.1,13.7,0.375,0.0,0.1,0.0
1629633,Jarrett Culver,1610612750,MIN,22.0,6.2,10.3,0.599,2.0,5.2,0.385,2.2,4.9,0.439,0.6,1.4,0.389,0.5,1.2,0.444,3.4,9.1,0.37,0.0,0.1,0.0
1629750,Javonte Green,1610612741,CHI,27.0,4.7,6.6,0.723,2.0,4.8,0.411,1.3,3.1,0.429,0.4,1.5,0.24,0.6,1.0,0.571,2.7,7.3,0.371,0.0,0.1,0.0
1629637,Jaxson Hayes,1610612740,NOP,20.0,4.6,6.8,0.676,1.1,3.3,0.342,1.0,3.0,0.333,0.6,1.9,0.327,0.4,1.3,0.302,3.1,8.2,0.375,0.0,0.1,0.0
1629121,Jaylen Adams,1610612749,MIL,24.0,1.2,1.3,0.875,0.6,1.4,0.429,0.0,0.3,0.0,0.0,1.0,0.0,0.3,0.7,0.5,0.3,2.2,0.154,0.0,0.0,0.0
1627759,Jaylen Brown,1610612738,BOS,24.0,10.9,17.0,0.641,5.0,11.5,0.437,3.4,7.6,0.445,1.2,3.0,0.397,1.1,3.0,0.377,6.9,19.4,0.358,0.0,0.0,0.0
1629669,Jaylen Nowell,1610612750,MIN,21.0,7.0,10.7,0.649,2.5,6.7,0.379,2.4,5.2,0.452,0.8,1.9,0.444,0.6,1.4,0.457,3.6,9.8,0.373,0.0,0.1,0.0
1628369,Jayson Tatum,1610612738,BOS,23.0,10.9,17.0,0.64,5.2,12.1,0.429,3.4,7.9,0.427,1.2,2.8,0.424,1.2,3.0,0.398,7.4,19.6,0.377,0.0,0.1,0.0
201145,Jeff Green,1610612751,BKN,34.0,9.8,14.8,0.661,4.2,9.8,0.427,2.5,5.5,0.456,1.0,2.7,0.364,0.9,2.5,0.351,5.3,14.8,0.358,0.0,0.1,0.0
201952,Jeff Teague,1610612738,BOS,32.0,5.9,9.1,0.649,2.9,6.9,0.424,1.7,4.1,0.407,0.6,1.4,0.436,0.7,2.1,0.333,3.6,9.7,0.375,0.0,0.0,0.0
203924,Jerami Grant,1610612765,DET,27.0,12.5,20.1,0.624,4.9,11.2,0.435,3.3,7.5,0.442,1.0,2.8,0.373,0.9,2.6,0.333,6.4,16.8,0.38,0.0,0.2,0.0
203087,Jeremy Lamb,1610612754,IND,28.0,8.9,14.3,0.621,3.4,6.5,0.516,1.8,4.7,0.371,0.7,1.8,0.388,0.9,2.2,0.414,4.1,10.3,0.398,0.0,0.1,0.0
1629010,Jerome Robinson,1610612764,WAS,24.0,5.4,7.6,0.719,3.1,7.9,0.394,2.9,6.7,0.43,0.9,1.6,0.571,0.6,1.7,0.35,4.2,11.0,0.38,0.0,0.1,0.0
1628975,Jevon Carter,1610612756,PHX,25.0,3.4,5.2,0.648,1.3,3.3,0.4,1.3,3.1,0.432,0.4,1.1,0.333,0.2,0.8,0.278,2.0,5.2,0.382,0.0,0.1,0.0
202710,Jimmy Butler,1610612748,MIA,31.0,10.3,17.1,0.601,3.5,9.1,0.381,2.4,6.0,0.392,1.8,4.6,0.382,1.4,3.3,0.432,6.8,19.5,0.348,0.0,0.1,0.0
203925,Joe Harris,1610612751,BKN,29.0,10.2,16.3,0.628,5.3,11.8,0.445,3.1,7.2,0.43,1.2,3.1,0.378,0.7,2.6,0.274,6.1,16.4,0.372,0.0,0.1,0.0
204060,Joe Ingles,1610612762,UTA,33.0,8.7,13.7,0.634,4.8,11.3,0.428,2.8,8.1,0.35,0.5,1.4,0.377,0.7,1.4,0.459,4.9,13.7,0.354,0.0,0.1,0.0
203954,Joel Embiid,1610612755,PHI,27.0,11.7,19.3,0.605,3.5,9.4,0.375,3.2,8.7,0.372,0.8,2.8,0.294,0.6,2.0,0.311,7.4,19.1,0.384,0.0,0.1,0.0
1628381,John Collins,1610612737,ATL,23.0,11.5,18.2,0.632,4.2,10.4,0.402,3.0,6.7,0.441,1.2,2.9,0.413,0.8,2.2,0.356,5.4,15.7,0.343,0.0,0.0,0.0
1629723,John Konchar,1610612763,MEM,25.0,5.5,8.3,0.659,1.5,3.6,0.43,1.0,2.4,0.434,0.5,1.7,0.273,0.7,1.4,0.5,3.2,9.3,0.349,0.0,0.0,0.0
202322,John Wall,1610612745,HOU,30.0,11.8,18.9,0.623,4.5,10.6,0.421,3.1,7.9,0.395,1.1,2.8,0.404,1.0,2.5,0.407,5.9,16.0,0.366,0.0,0.0,0.0
202685,Jonas Valanciunas,1610612763,MEM,28.0,9.3,14.5,0.639,4.3,9.2,0.467,3.1,6.8,0.461,1.0,2.2,0.46,0.8,2.2,0.368,5.5,15.8,0.346,0.0,0.1,0.0
1629007,Jontay Porter,1610612763,MEM,21.0,0.0,0.0,0.0,1.0,2.5,0.4,0.5,0.5,1.0,0.0,1.0,0.0,0.0,2.0,0.0,0.5,2.5,0.2,,,
1628395,Jordan Bell,1610612764,WAS,26.0,10.0,15.0,0.667,1.0,3.0,0.333,1.3,4.3,0.308,0.5,1.0,0.5,0.5,1.5,0.333,5.3,11.3,0.471,0.0,0.5,0.0
1629648,Jordan Bone,1610612753,ORL,23.0,6.3,9.2,0.683,0.9,3.1,0.302,1.6,3.4,0.489,0.9,1.6,0.556,0.6,1.5,0.389,3.0,8.7,0.344,0.0,0.0,0.0
203903,Jordan Clarkson,1610612762,UTA,28.0,9.0,13.8,0.648,4.5,10.8,0.413,2.7,7.4,0.358,0.7,1.5,0.431,0.6,1.4,0.453,4.5,13.1,0.341,0.0,0.0,0.0
1629162,Jordan McLaughlin,1610612750,MIN,24.0,6.4,10.3,0.625,2.6,6.4,0.4,2.0,4.7,0.432,0.5,1.6,0.318,0.8,1.8,0.417,3.8,9.9,0.381,0.0,0.0,0.0
1629670,Jordan Nwora,1610612749,MIL,22.0,2.9,5.5,0.519,1.1,3.3,0.34,1.3,2.7,0.5,0.4,1.3,0.308,0.4,1.0,0.4,1.7,5.2,0.325,0.0,0.1,0.0
1629673,Jordan Poole,1610612744,GSW,21.0,6.3,9.1,0.691,3.6,8.1,0.446,1.4,3.6,0.388,0.5,1.3,0.367,0.6,1.6,0.355,2.7,8.6,0.317,0.0,0.0,0.0
1630182,Josh Green,1610612742,DAL,20.0,4.4,6.6,0.658,1.5,3.7,0.4,1.4,3.0,0.455,0.5,1.5,0.304,0.6,0.9,0.625,1.9,5.2,0.363,0.0,0.1,0.0
1630221,Josh Hall,1610612760,OKC,20.0,4.4,7.0,0.629,1.2,2.9,0.423,0.9,3.0,0.3,0.9,1.6,0.538,0.3,1.0,0.333,2.8,8.6,0.325,0.0,0.0,0.0
1628404,Josh Hart,1610612740,NOP,26.0,10.4,15.4,0.68,2.8,7.7,0.367,2.0,5.8,0.35,1.1,3.2,0.359,0.8,2.2,0.371,6.8,18.0,0.38,0.0,0.1,0.0
1628367,Josh Jackson,1610612765,DET,24.0,8.8,14.8,0.595,3.3,8.0,0.41,2.2,5.4,0.408,0.8,2.0,0.393,0.8,2.2,0.341,4.3,11.5,0.372,0.0,0.1,0.0
1629006,Josh Okogie,1610612750,MIN,22.0,7.9,12.1,0.652,3.0,6.6,0.452,2.4,5.3,0.458,0.6,1.7,0.382,0.9,1.6,0.518,3.4,9.3,0.364,0.0,0.0,0.0
1626196,Josh Richardson,1610612742,DAL,27.0,10.9,17.1,0.638,4.0,9.4,0.425,3.3,7.9,0.418,1.2,2.9,0.425,1.0,2.4,0.427,7.0,19.2,0.364,0.0,0.1,0.0
201950,Jrue Holiday,1610612749,MIL,30.0,9.0,14.5,0.621,4.1,10.2,0.406,4.5,9.9,0.456,1.2,2.6,0.442,1.1,2.5,0.444,7.6,20.6,0.37,0.0,0.1,0.0
1629308,Juan Toscano-Anderson,1610612744,GSW,27.0,6.1,9.3,0.657,2.7,6.8,0.388,1.7,4.8,0.359,0.7,2.2,0.327,0.6,1.8,0.353,3.7,10.1,0.363,0.0,0.0,0.0
1627823,Juancho Hernangomez,1610612750,MIN,25.0,7.2,10.2,0.705,2.2,5.4,0.41,1.9,4.3,0.444,0.4,1.2,0.357,0.6,1.4,0.4,3.7,9.7,0.376,0.0,0.0,0.0
203944,Julius Randle,1610612752,NYK,26.0,12.9,21.1,0.611,3.4,8.7,0.394,3.2,7.6,0.419,1.3,3.4,0.369,1.1,3.3,0.331,6.8,21.1,0.322,0.0,0.1,0.0
203200,Justin Holiday,1610612754,IND,31.0,12.4,20.5,0.603,4.0,9.3,0.434,2.7,7.2,0.382,1.1,2.6,0.43,1.1,2.9,0.372,5.5,15.1,0.362,0.0,0.1,0.0
1628382,Justin Jackson,1610612760,OKC,26.0,6.6,9.6,0.688,2.2,5.3,0.412,1.8,4.2,0.427,0.8,1.8,0.431,0.3,1.3,0.25,2.9,9.2,0.318,0.0,0.0,0.0
1629713,Justin James,1610612758,SAC,24.0,2.5,3.8,0.655,1.0,2.5,0.4,0.5,1.7,0.303,0.4,1.0,0.364,0.4,0.9,0.429,1.4,3.2,0.432,0.0,0.1,0.0
1628383,Justin Patton,1610612745,HOU,23.0,7.4,10.9,0.676,2.9,6.5,0.447,1.3,2.9,0.447,0.7,2.2,0.321,1.2,2.5,0.464,3.6,10.2,0.356,0.0,0.0,0.0
1626159,Justise Winslow,1610612763,MEM,25.0,6.1,9.6,0.641,2.9,6.6,0.448,1.8,4.6,0.397,1.2,1.9,0.613,0.7,1.6,0.458,4.2,13.1,0.319,0.0,0.1,0.0
203994,Jusuf Nurkic,1610612757,POR,26.0,8.1,12.9,0.629,2.7,6.1,0.44,2.4,6.1,0.391,0.9,1.9,0.5,0.9,2.2,0.387,4.2,11.5,0.366,0.0,0.0,0.0
1629752,Juwan Morgan,1610612762,UTA,23.0,1.3,2.3,0.548,1.2,2.4,0.5,0.8,1.3,0.588,0.4,0.7,0.571,0.1,0.6,0.25,0.9,2.8,0.34,0.0,0.0,0.0
1629644,KZ Okpala,1610612748,MIA,21.0,4.5,6.8,0.66,1.6,3.4,0.462,1.0,2.6,0.404,1.2,3.1,0.396,0.8,1.8,0.419,2.9,7.9,0.365,0.0,0.1,0.0
1630211,Karim Mane,1610612753,ORL,20.0,3.5,4.9,0.718,1.1,2.4,0.455,1.7,2.9,0.577,0.7,1.3,0.556,0.1,1.0,0.143,1.7,5.6,0.3,0.0,0.0,0.0
1626157,Karl-Anthony Towns,1610612750,MIN,25.0,12.9,20.6,0.623,4.9,10.6,0.463,3.7,9.0,0.414,1.1,2.8,0.403,0.9,2.3,0.397,6.8,17.4,0.39,0.0,0.0,0.0
202695,Kawhi Leonard,1610612746,LAC,29.0,11.8,17.8,0.663,5.2,13.0,0.403,3.7,8.3,0.447,1.0,2.4,0.418,0.8,2.4,0.351,6.6,17.1,0.386,0.0,0.1,0.0
1628966,Keita Bates-Diop,1610612759,SAS,25.0,2.6,4.2,0.63,1.4,3.1,0.449,0.4,1.6,0.238,0.9,1.6,0.538,0.4,1.6,0.273,2.1,5.0,0.427,0.0,0.0,0.0
1629103,Kelan Martin,1610612754,IND,25.0,1.4,2.4,0.606,0.8,1.5,0.5,0.4,1.1,0.385,0.5,0.7,0.75,0.3,1.1,0.25,0.5,1.4,0.353,0.0,0.0,0.0
1629640,Keldon Johnson,1610612759,SAS,21.0,11.3,18.3,0.617,3.9,9.0,0.428,3.2,7.2,0.448,1.1,2.4,0.471,0.9,2.3,0.411,5.5,14.3,0.388,0.0,0.0,0.0
1629833,Keljin Blevins,1610612757,POR,25.0,1.4,2.4,0.579,0.7,1.7,0.417,0.3,1.3,0.2,0.4,1.4,0.286,0.3,0.7,0.5,1.3,4.1,0.324,0.0,0.0,0.0
203482,Kelly Olynyk,1610612745,HOU,29.0,8.3,13.4,0.616,3.0,7.5,0.404,2.2,5.5,0.403,1.6,3.8,0.417,1.2,3.1,0.376,5.8,15.9,0.363,0.0,0.0,0.0
1626162,Kelly Oubre Jr.,1610612744,GSW,25.0,10.3,16.3,0.629,4.9,11.5,0.423,2.7,7.3,0.364,1.1,2.5,0.435,1.2,3.0,0.404,6.1,16.9,0.362,0.0,0.1,0.0
202689,Kemba Walker,1610612738,BOS,30.0,8.2,13.2,0.626,5.4,11.6,0.466,2.9,6.5,0.45,1.3,3.3,0.396,1.2,3.0,0.414,6.4,17.8,0.36,0.0,0.0,0.0
1629134,Kendrick Nunn,1610612748,MIA,25.0,8.6,14.1,0.614,2.8,7.3,0.391,2.3,5.3,0.441,1.9,4.3,0.434,1.6,3.8,0.422,6.0,17.3,0.348,0.0,0.1,0.0
1629026,Kenrich Williams,1610612760,OKC,26.0,7.5,10.9,0.687,2.6,6.7,0.384,2.0,4.8,0.409,0.7,2.0,0.381,0.5,1.9,0.282,3.7,11.2,0.329,0.0,0.0,0.0
203145,Kent Bazemore,1610612744,GSW,31.0,4.6,7.4,0.616,2.5,6.3,0.405,1.5,4.4,0.343,0.6,1.4,0.407,0.6,1.4,0.443,3.0,8.7,0.341,0.0,0.1,0.0
203484,Kentavious Caldwell-Pope,1610612747,LAL,28.0,11.1,17.0,0.653,3.0,8.0,0.378,2.0,5.5,0.366,0.8,1.9,0.421,0.6,1.8,0.342,4.6,12.7,0.359,0.0,0.0,0.0
1630231,Kenyon Martin Jr.,1610612745,HOU,20.0,7.1,10.8,0.66,2.8,6.5,0.427,1.2,3.3,0.364,0.6,1.4,0.385,0.9,2.6,0.341,3.8,10.9,0.349,0.0,0.1,0.0
201142,Kevin Durant,1610612751,BKN,32.0,12.0,19.5,0.616,6.9,14.4,0.478,4.1,9.4,0.436,1.2,3.5,0.333,0.9,3.1,0.305,6.8,20.1,0.34,0.0,0.3,0.0
1628989,Kevin Huerter,1610612737,ATL,22.0,12.1,19.0,0.637,4.0,10.1,0.397,3.1,6.9,0.456,1.1,2.9,0.387,0.9,2.4,0.384,5.4,15.3,0.354,0.0,0.1,0.0
1628995,Kevin Knox II,1610612752,NYK,21.0,4.8,8.1,0.596,1.3,3.7,0.342,1.0,2.4,0.431,0.4,1.1,0.364,0.5,1.5,0.361,2.8,8.2,0.337,0.0,0.1,0.0
201567,Kevin Love,1610612739,CLE,32.0,6.2,10.6,0.585,1.6,5.6,0.286,0.6,2.6,0.231,1.0,2.0,0.5,0.8,1.8,0.429,3.0,8.6,0.349,0.0,0.0,0.0
1629645,Kevin Porter Jr.,1610612745,HOU,20.0,12.9,17.6,0.733,3.1,9.1,0.341,2.0,4.4,0.455,1.6,3.6,0.438,1.4,3.7,0.378,6.4,17.1,0.374,0.0,0.1,0.0
1626172,Kevon Looney,1610612744,GSW,25.0,4.5,7.2,0.629,2.6,6.2,0.421,1.3,3.7,0.358,0.8,1.5,0.54,0.6,1.4,0.4,2.9,8.0,0.368,0.0,0.1,0.0
203920,Khem Birch,1610612753,ORL,28.0,7.1,10.7,0.663,2.4,5.7,0.432,1.9,4.8,0.391,0.7,1.9,0.361,0.6,1.7,0.348,4.3,12.7,0.338,0.0,0.1,0.0
203114,Khris Middleton,1610612749,MIL,29.0,10.3,16.3,0.629,4.8,11.8,0.409,4.3,9.7,0.445,1.5,3.2,0.473,1.2,2.6,0.475,7.7,20.9,0.368,0.0,0.1,0.0
1630165,Killian Hayes,1610612765,DET,19.0,8.6,12.1,0.706,2.1,5.1,0.417,2.9,4.4,0.645,0.7,2.0,0.357,0.3,1.7,0.167,5.1,12.1,0.424,0.0,0.0,0.0
1629681,Killian Tillie,1610612763,MEM,23.0,2.5,3.8,0.652,1.5,2.8,0.529,0.7,1.3,0.5,0.3,1.3,0.2,0.8,1.4,0.571,1.2,7.2,0.163,0.0,0.0,0.0
1630184,Kira Lewis Jr.,1610612740,NOP,19.0,5.3,7.9,0.667,1.8,4.5,0.389,1.4,4.0,0.342,0.6,1.6,0.391,0.6,1.5,0.4,3.4,9.4,0.361,0.0,0.1,0.0
1628961,Kostas Antetokounmpo,1610612747,LAL,23.0,1.3,2.9,0.45,0.0,0.6,0.0,0.0,0.2,0.0,0.3,0.8,0.333,1.0,1.3,0.75,0.9,2.9,0.3,0.0,0.0,0.0
204001,Kristaps Porzingis,1610612742,DAL,25.0,11.1,17.5,0.631,3.3,8.4,0.389,3.1,7.1,0.443,1.2,2.8,0.435,1.0,2.5,0.395,6.9,18.2,0.381,0.0,0.1,0.0
203937,Kyle Anderson,1610612763,MEM,27.0,9.0,14.3,0.63,4.0,8.7,0.463,2.7,6.5,0.416,0.9,2.3,0.386,0.7,1.9,0.373,5.5,15.4,0.36,0.0,0.1,0.0
1629657,Kyle Guy,1610612758,SAC,23.0,2.9,4.3,0.679,0.7,2.4,0.289,0.9,2.6,0.333,0.5,1.0,0.455,0.3,0.7,0.5,1.8,4.3,0.415,0.0,0.0,0.0
1628398,Kyle Kuzma,1610612747,LAL,25.0,10.5,16.0,0.653,3.3,9.2,0.357,2.8,6.1,0.453,0.9,2.2,0.412,0.7,2.0,0.341,4.7,14.3,0.326,0.0,0.1,0.333
200768,Kyle Lowry,1610612761,TOR,35.0,10.7,16.6,0.643,4.1,10.4,0.392,3.3,7.2,0.459,1.7,4.0,0.431,1.5,3.7,0.41,7.6,19.7,0.388,0.0,0.1,0.5
202681,Kyrie Irving,1610612751,BKN,29.0,12.2,19.5,0.625,5.9,13.4,0.441,2.9,8.0,0.369,1.5,3.9,0.376,1.0,2.9,0.34,7.1,19.2,0.369,0.0,0.2,0.0
200746,LaMarcus Aldridge,1610612751,BKN,35.0,10.6,16.5,0.645,3.7,8.4,0.44,3.0,6.3,0.471,0.9,2.0,0.422,0.6,1.7,0.343,4.9,13.2,0.372,0.0,0.1,0.0
1630163,LaMelo Ball,1610612766,CHA,19.0,12.0,17.8,0.672,2.9,6.8,0.425,1.6,4.3,0.379,1.2,3.2,0.386,1.6,3.7,0.438,6.2,16.7,0.372,0.0,0.1,0.0
1630205,Lamar Stevens,1610612739,CLE,23.0,4.2,7.5,0.55,2.3,4.4,0.519,1.1,3.4,0.31,0.8,1.4,0.583,0.8,1.5,0.512,2.4,6.1,0.386,0.0,0.1,0.0
1629013,Landry Shamet,1610612751,BKN,24.0,7.3,10.9,0.667,3.3,7.8,0.426,2.2,5.2,0.427,0.7,2.0,0.367,0.7,1.7,0.446,4.0,10.9,0.364,0.0,0.1,0.0
204038,Langston Galloway,1610612756,PHX,29.0,3.9,6.0,0.65,1.4,3.9,0.364,1.2,2.6,0.461,0.3,0.8,0.381,0.2,0.6,0.368,2.2,6.0,0.374,0.0,0.0,0.0
1626204,Larry Nance Jr.,1610612739,CLE,28.0,11.7,19.2,0.606,4.0,8.8,0.461,3.0,7.3,0.408,1.1,2.5,0.425,1.0,2.9,0.337,6.3,16.8,0.373,0.0,0.1,0.0
1628374,Lauri Markkanen,1610612741,CHI,23.0,12.0,18.7,0.641,4.5,9.3,0.481,3.5,7.7,0.45,0.7,2.0,0.347,0.7,1.7,0.422,5.6,16.0,0.349,0.0,0.1,0.0
2544,LeBron James,1610612747,LAL,36.0,12.7,20.3,0.624,3.7,10.6,0.352,3.0,7.5,0.392,0.9,2.3,0.368,0.8,2.4,0.327,6.4,17.9,0.359,0.0,0.1,0.25
1629022,Lonnie Walker IV,1610612759,SAS,22.0,10.9,17.1,0.642,3.9,8.6,0.448,2.9,6.1,0.478,1.0,1.9,0.5,0.8,1.9,0.414,5.2,13.4,0.388,0.0,0.1,0.0
1628366,Lonzo Ball,1610612740,NOP,23.0,11.7,17.8,0.659,3.4,8.1,0.421,2.3,6.0,0.388,1.4,3.7,0.387,0.9,2.5,0.351,7.5,19.9,0.375,0.0,0.1,0.0
101150,Lou Williams,1610612737,ATL,34.0,7.2,11.4,0.628,3.8,8.2,0.462,2.3,5.3,0.429,0.8,1.8,0.458,0.5,1.5,0.333,4.5,12.3,0.365,0.0,0.1,0.0
1629652,Luguentz Dort,1610612760,OKC,21.0,10.8,15.7,0.684,4.1,9.1,0.449,3.3,8.0,0.407,0.9,2.4,0.392,0.9,2.6,0.352,6.0,17.3,0.35,0.0,0.0,0.0
1629029,Luka Doncic,1610612742,DAL,22.0,12.2,18.8,0.651,4.4,10.6,0.412,3.2,8.2,0.391,1.1,3.0,0.378,1.1,2.8,0.4,7.7,20.5,0.373,0.0,0.3,0.0
1629677,Luka Samanic,1610612759,SAS,21.0,2.6,4.1,0.629,1.5,3.8,0.406,1.2,2.6,0.459,0.7,1.4,0.462,0.7,1.6,0.429,1.5,4.8,0.314,0.0,0.1,0.0
1628379,Luke Kennard,1610612746,LAC,24.0,7.4,11.7,0.635,3.3,8.0,0.413,2.3,4.9,0.481,0.6,1.4,0.397,0.4,1.1,0.37,3.5,9.6,0.358,0.0,0.2,0.0
1628436,Luke Kornet,1610612738,BOS,25.0,2.8,4.6,0.616,1.6,3.4,0.468,1.0,2.3,0.438,0.4,1.0,0.364,0.3,0.6,0.4,1.7,4.9,0.342,0.0,0.0,0.0
1630201,Malachi Flynn,1610612761,TOR,22.0,3.5,5.4,0.653,1.3,3.2,0.397,0.7,2.0,0.341,0.9,2.2,0.421,0.4,1.1,0.4,2.1,5.3,0.398,0.0,0.0,0.0
1627763,Malcolm Brogdon,1610612754,IND,28.0,13.4,22.3,0.6,4.7,10.6,0.444,2.9,7.9,0.371,1.2,2.9,0.413,1.3,3.2,0.401,6.0,16.7,0.36,0.0,0.2,0.0
1627736,Malik Beasley,1610612750,MIN,24.0,13.1,20.7,0.632,5.1,11.3,0.452,3.6,8.4,0.429,0.9,2.1,0.408,1.2,2.5,0.488,5.9,15.4,0.384,0.0,0.1,0.0
1628370,Malik Monk,1610612766,CHA,23.0,8.1,12.6,0.64,2.2,5.0,0.441,1.4,3.6,0.379,1.0,2.7,0.375,1.1,2.8,0.398,4.7,12.6,0.373,0.0,0.1,0.0
1629603,Mamadi Diakite,1610612749,MIL,24.0,1.5,3.8,0.391,1.7,3.8,0.435,0.5,2.5,0.2,1.0,1.5,0.667,0.3,1.7,0.2,2.0,6.7,0.3,0.0,0.5,0.0
201188,Marc Gasol,1610612747,LAL,36.0,7.9,12.7,0.618,2.2,6.3,0.344,1.8,4.6,0.391,0.6,1.6,0.345,0.6,1.8,0.365,3.5,9.4,0.375,0.0,0.1,0.0
202694,Marcus Morris Sr.,1610612746,LAC,31.0,8.7,12.7,0.681,4.6,9.7,0.47,2.8,6.3,0.452,0.9,2.1,0.421,0.5,1.3,0.36,4.9,13.7,0.357,0.0,0.2,0.0
203935,Marcus Smart,1610612738,BOS,27.0,10.1,15.3,0.66,4.9,11.0,0.448,3.5,8.0,0.438,1.0,2.4,0.42,1.0,2.4,0.418,6.5,18.1,0.36,0.0,0.0,0.0
1628365,Markelle Fultz,1610612753,ORL,22.0,9.9,13.8,0.718,4.6,10.6,0.435,3.3,7.1,0.456,1.3,2.1,0.6,1.0,2.3,0.438,5.4,14.8,0.364,0.0,0.0,0.0
202693,Markieff Morris,1610612747,LAL,31.0,7.4,11.6,0.638,2.4,6.4,0.379,1.7,4.1,0.408,0.6,1.6,0.385,0.5,1.5,0.31,3.5,10.2,0.346,0.0,0.1,0.333
1630210,Markus Howard,1610612743,DEN,22.0,1.9,2.2,0.868,0.4,1.1,0.4,0.2,0.9,0.267,0.3,0.8,0.4,0.6,1.1,0.5,0.7,2.5,0.264,0.0,0.2,0.0
1629716,Marques Bolden,1610612739,CLE,22.0,0.6,1.8,0.333,0.2,0.4,0.5,0.8,2.2,0.364,0.7,1.3,0.5,1.0,1.0,1.0,0.8,4.2,0.19,0.0,0.0,0.0
1627737,Marquese Chriss,1610612744,GSW,23.0,4.5,6.5,0.692,2.0,6.5,0.308,0.5,1.5,0.333,1.0,2.0,0.5,1.0,1.0,1.0,4.0,8.0,0.5,0.0,0.0,0.0
1628963,Marvin Bagley III,1610612758,SAC,22.0,10.6,15.6,0.681,3.6,8.2,0.439,2.6,6.1,0.427,1.1,2.4,0.443,0.6,1.5,0.4,6.0,15.1,0.397,0.0,0.0,0.0
1630222,Mason Jones,1610612755,PHI,22.0,4.3,7.0,0.617,1.9,3.6,0.517,1.0,2.7,0.373,0.3,0.9,0.273,0.5,1.5,0.3,2.7,6.6,0.404,0.0,0.0,0.0
203486,Mason Plumlee,1610612765,DET,31.0,10.6,16.0,0.664,4.0,8.8,0.453,2.4,5.9,0.404,0.7,2.2,0.327,0.7,2.2,0.32,5.2,12.7,0.404,0.0,0.1,0.0
1629680,Matisse Thybulle,1610612755,PHI,24.0,6.8,10.8,0.636,2.5,6.3,0.397,1.7,5.0,0.345,0.6,1.5,0.381,0.5,1.6,0.281,3.4,9.9,0.348,0.0,0.1,0.0
1629744,Matt Thomas,1610612762,UTA,26.0,3.0,4.2,0.718,0.9,2.8,0.306,0.7,1.5,0.472,0.5,1.6,0.32,0.5,1.0,0.529,1.4,4.5,0.308,0.0,0.1,0.0
203521,Matthew Dellavedova,1610612739,CLE,30.0,6.0,10.0,0.6,1.0,5.0,0.2,2.0,3.0,0.667,0.0,1.0,0.0,2.0,2.0,1.0,0.0,7.0,0.0,0.0,0.0,0.0
203090,Maurice Harkless,1610612758,SAC,27.0,3.6,6.1,0.588,1.4,3.1,0.45,1.3,3.2,0.415,0.4,1.9,0.211,0.5,1.0,0.545,2.9,7.2,0.404,0.0,0.0,0.0
1629622,Max Strus,1610612748,MIA,25.0,4.1,6.1,0.671,1.6,3.6,0.453,0.8,2.3,0.346,1.0,2.4,0.434,0.6,1.9,0.324,3.3,8.7,0.385,0.0,0.1,0.0
1628467,Maxi Kleber,1610612742,DAL,29.0,9.6,15.0,0.642,3.5,8.4,0.415,2.9,6.7,0.43,0.8,2.5,0.317,0.8,2.2,0.386,5.6,16.1,0.348,0.0,0.1,0.0
203086,Meyers Leonard,1610612748,MIA,29.0,2.3,3.3,0.7,1.0,1.7,0.6,0.5,5.5,0.091,1.0,2.0,0.5,0.0,1.0,0.0,2.3,5.7,0.412,0.0,0.0,0.0
1629662,Mfiondu Kabengele,1610612746,LAC,23.0,2.0,3.4,0.596,0.5,1.6,0.321,0.5,0.9,0.5,0.0,0.4,0.0,0.1,0.6,0.2,0.6,2.7,0.226,0.0,0.0,0.0
203487,Michael Carter-Williams,1610612753,ORL,29.0,8.5,12.0,0.714,3.2,8.0,0.397,2.7,6.6,0.407,0.8,2.1,0.358,0.8,2.2,0.345,6.1,17.0,0.361,0.0,0.0,0.0
1629008,Michael Porter Jr.,1610612743,DEN,22.0,9.8,14.6,0.671,3.9,9.5,0.413,3.0,7.1,0.426,1.7,3.6,0.467,1.1,2.9,0.385,5.6,15.8,0.352,0.0,0.1,0.0
1628969,Mikal Bridges,1610612756,PHX,24.0,11.2,17.5,0.639,4.5,10.6,0.428,3.5,8.3,0.418,0.8,2.3,0.358,0.9,2.2,0.39,6.1,18.0,0.336,0.0,0.1,0.0
201144,Mike Conley,1610612762,UTA,33.0,9.4,15.6,0.604,4.6,12.7,0.362,3.8,9.3,0.405,0.6,2.0,0.28,0.8,1.9,0.4,5.0,15.7,0.319,0.0,0.1,0.0
203488,Mike Muscala,1610612760,OKC,29.0,6.9,10.4,0.663,2.5,6.8,0.364,1.9,4.5,0.414,0.7,1.8,0.377,0.5,1.6,0.298,2.9,9.6,0.304,0.0,0.0,0.0
203118,Mike Scott,1610612755,PHI,32.0,6.2,9.4,0.663,2.5,6.1,0.41,1.8,4.7,0.382,0.4,1.4,0.257,0.3,1.3,0.25,3.2,9.6,0.339,0.0,0.0,0.0
1628970,Miles Bridges,1610612766,CHA,23.0,10.3,15.9,0.651,2.8,6.7,0.417,1.8,4.7,0.382,1.2,2.9,0.42,1.3,3.4,0.377,5.4,15.8,0.344,0.0,0.1,0.0
1629011,Mitchell Robinson,1610612752,NYK,23.0,9.6,15.5,0.62,2.4,5.6,0.428,2.3,5.7,0.407,1.0,2.7,0.375,0.8,2.5,0.307,5.3,16.7,0.315,0.0,0.0,0.0
1629671,Miye Oni,1610612762,UTA,23.0,2.2,3.7,0.597,1.5,3.9,0.379,1.2,2.8,0.424,0.2,0.4,0.4,0.3,0.7,0.368,1.5,5.2,0.294,0.0,0.0,0.0
1628964,Mo Bamba,1610612753,ORL,22.0,3.9,6.4,0.606,0.9,3.0,0.297,1.1,3.0,0.373,0.4,1.2,0.364,0.8,1.6,0.484,2.6,7.2,0.36,0.0,0.1,0.0
1628420,Monte Morris,1610612743,DEN,25.0,9.9,14.5,0.684,3.2,8.3,0.387,2.7,6.5,0.416,1.5,3.4,0.455,0.8,2.4,0.345,4.4,13.4,0.326,0.0,0.1,0.0
1626149,Montrezl Harrell,1610612747,LAL,27.0,9.2,14.0,0.657,3.0,8.1,0.376,2.1,5.4,0.39,0.8,2.0,0.398,0.6,1.7,0.363,4.7,14.1,0.334,0.0,0.1,0.25
1629021,Moritz Wagner,1610612738,BOS,23.0,4.1,6.2,0.663,3.1,5.7,0.552,1.4,4.1,0.345,0.6,1.5,0.432,0.5,1.4,0.343,2.9,8.5,0.337,0.0,0.0,0.0
1629650,Moses Brown,1610612760,OKC,21.0,6.6,10.8,0.608,3.1,6.8,0.451,2.2,4.5,0.487,1.0,2.3,0.444,1.0,2.4,0.419,3.9,10.5,0.37,0.0,0.0,0.0
1628539,Mychal Mulder,1610612744,GSW,26.0,3.3,5.2,0.638,1.8,4.2,0.443,1.0,2.8,0.354,0.5,1.1,0.457,0.6,1.1,0.5,2.1,5.9,0.354,0.0,0.1,0.0
1626167,Myles Turner,1610612754,IND,25.0,11.2,19.4,0.577,4.3,10.1,0.425,2.8,7.4,0.385,1.0,2.3,0.406,1.1,2.8,0.388,5.1,14.4,0.351,0.0,0.1,0.0
1630230,Naji Marshall,1610612740,NOP,23.0,1.0,1.6,0.636,0.1,1.3,0.111,0.2,0.8,0.25,0.8,1.2,0.667,0.3,1.0,0.333,1.2,1.5,0.778,0.0,0.0,0.0
1629642,Nassir Little,1610612757,POR,21.0,5.7,8.8,0.646,1.6,4.0,0.393,1.4,2.9,0.476,0.8,1.6,0.463,1.0,1.5,0.667,2.6,7.3,0.36,0.0,0.1,0.0
1630268,Nate Darling,1610612766,CHA,22.0,2.0,3.0,0.667,0.0,0.0,0.0,0.0,0.0,0.0,0.3,0.7,0.5,1.0,2.0,0.5,1.0,2.3,0.429,,,
1630207,Nate Hinton,1610612742,DAL,21.0,1.9,2.8,0.682,0.7,1.7,0.4,0.4,0.6,0.6,0.0,1.0,0.0,0.2,0.7,0.25,0.6,1.8,0.333,0.0,0.3,0.0
1630233,Nathan Knight,1610612737,ATL,23.0,2.3,4.4,0.52,0.8,2.1,0.4,0.8,1.7,0.481,0.6,1.5,0.389,0.2,1.1,0.2,1.3,4.1,0.308,0.0,0.0,0.0
1629675,Naz Reid,1610612750,MIN,21.0,7.2,11.4,0.631,2.8,6.5,0.423,2.2,5.1,0.428,0.7,1.5,0.437,0.8,1.6,0.472,3.7,9.8,0.373,0.0,0.1,0.0
202357,Nemanja Bjelica,1610612748,MIA,32.0,6.7,9.6,0.704,2.6,5.8,0.455,1.4,4.3,0.336,0.2,1.2,0.2,0.5,1.2,0.375,3.4,8.0,0.421,0.0,0.1,0.333
203457,Nerlens Noel,1610612752,NYK,26.0,8.0,13.7,0.579,2.3,5.6,0.409,2.0,4.6,0.432,0.8,2.0,0.369,0.8,2.0,0.4,4.2,12.7,0.333,0.0,0.1,0.0
1630208,Nick Richards,1610612766,CHA,23.0,1.6,3.1,0.5,0.1,0.1,1.0,0.3,0.7,0.5,0.3,0.6,0.4,0.3,1.0,0.25,0.8,2.8,0.294,0.0,0.0,0.0
1629638,Nickeil Alexander-Walker,1610612740,NOP,22.0,7.1,10.6,0.665,2.2,5.6,0.386,1.6,4.8,0.321,0.7,2.3,0.3,0.8,1.9,0.418,4.9,12.3,0.404,0.0,0.1,0.0
1630185,Nico Mannion,1610612744,GSW,20.0,5.5,7.4,0.744,2.6,5.7,0.451,1.1,3.2,0.351,0.8,1.5,0.5,0.3,1.5,0.176,2.4,6.6,0.364,0.0,0.1,0.0
201587,Nicolas Batum,1610612746,LAC,32.0,10.0,15.3,0.653,4.2,10.9,0.384,3.0,6.8,0.439,0.7,1.8,0.393,0.7,2.1,0.327,5.5,14.7,0.372,0.0,0.1,0.0
1629651,Nicolas Claxton,1610612751,BKN,21.0,6.5,10.1,0.645,1.8,5.7,0.32,1.1,3.1,0.34,0.8,2.3,0.324,0.6,1.9,0.3,3.1,10.4,0.295,0.0,0.0,0.0
1629740,Nicolo Melli,1610612742,DAL,30.0,3.5,4.9,0.718,0.7,2.8,0.242,1.0,2.9,0.333,0.6,1.1,0.522,0.2,0.9,0.176,2.0,5.9,0.331,0.0,0.0,0.0
203999,Nikola Jokic,1610612743,DEN,26.0,11.5,17.0,0.674,4.9,11.1,0.441,3.9,8.9,0.435,1.8,3.9,0.457,1.3,3.4,0.373,6.8,18.7,0.36,0.0,0.1,0.0
202696,Nikola Vucevic,1610612741,CHI,30.0,11.9,17.3,0.689,4.5,10.6,0.422,4.1,8.6,0.472,1.3,2.8,0.473,1.0,2.7,0.383,7.4,20.1,0.37,0.0,0.0,0.0
203943,Noah Vonleh,1610612751,BKN,25.0,0.8,1.0,0.75,0.0,0.3,0.0,0.8,1.3,0.6,1.0,1.0,1.0,0.3,0.7,0.5,1.0,1.3,0.8,,,
1626181,Norman Powell,1610612757,POR,27.0,10.2,15.8,0.643,4.1,9.6,0.428,2.4,5.4,0.433,1.5,3.6,0.411,1.4,3.0,0.469,6.0,16.4,0.363,0.0,0.1,0.2
203658,Norvel Pelle,1610612758,SAC,28.0,4.0,5.5,0.727,0.3,2.0,0.125,1.0,2.3,0.444,1.0,1.0,1.0,0.3,0.3,1.0,1.3,3.8,0.333,0.0,0.0,0.0
1628384,OG Anunoby,1610612761,TOR,23.0,10.5,16.4,0.64,3.8,10.7,0.351,2.8,6.6,0.431,1.8,4.5,0.4,1.2,3.2,0.371,6.3,17.8,0.356,0.0,0.1,0.0
1630167,Obi Toppin,1610612752,NYK,23.0,4.1,7.1,0.578,1.2,2.7,0.442,1.2,2.8,0.431,0.3,1.3,0.244,0.5,1.2,0.368,2.3,6.2,0.369,0.0,0.0,0.0
1630168,Onyeka Okongwu,1610612737,ATL,20.0,2.7,4.0,0.663,1.4,2.9,0.474,1.1,2.3,0.491,0.6,1.5,0.44,0.4,1.1,0.333,2.0,4.8,0.416,0.0,0.1,0.0
203490,Otto Porter Jr.,1610612753,ORL,27.0,6.9,10.3,0.667,3.2,7.1,0.447,2.6,5.5,0.484,0.7,2.0,0.321,0.6,1.4,0.395,4.4,13.0,0.335,0.0,0.0,0.0
200782,P.J. Tucker,1610612749,MIL,35.0,10.7,16.6,0.645,4.1,9.0,0.459,3.0,7.4,0.407,1.1,2.5,0.435,1.0,2.2,0.447,5.7,15.1,0.374,0.0,0.1,0.0
1629023,P.J. Washington,1610612766,CHA,22.0,11.7,17.8,0.656,2.8,6.6,0.418,1.6,4.6,0.338,1.6,4.0,0.387,1.4,3.8,0.368,6.1,16.7,0.364,0.0,0.0,0.0
1628408,PJ Dozier,1610612743,DEN,24.0,5.6,8.8,0.641,2.8,6.3,0.45,1.5,4.4,0.352,1.1,2.3,0.459,0.7,2.1,0.343,3.5,10.8,0.325,0.0,0.2,0.0
1627783,Pascal Siakam,1610612761,TOR,27.0,11.0,16.4,0.67,4.5,11.7,0.38,3.3,7.4,0.448,1.7,4.3,0.41,1.7,3.5,0.485,6.5,18.6,0.349,0.0,0.1,0.2
1626192,Pat Connaughton,1610612749,MIL,28.0,6.8,10.5,0.644,2.9,7.5,0.392,2.8,6.6,0.431,1.0,2.3,0.421,0.8,2.2,0.37,5.3,15.5,0.344,0.0,0.2,0.0
201976,Patrick Beverley,1610612746,LAC,32.0,7.3,11.0,0.667,3.2,8.7,0.365,2.2,5.2,0.424,0.6,1.6,0.356,1.0,2.4,0.418,4.6,13.1,0.347,0.0,0.0,0.0
1627775,Patrick McCaw,1610612761,TOR,25.0,2.6,4.2,0.619,0.8,1.2,0.667,0.2,0.8,0.25,0.3,0.3,1.0,0.6,1.4,0.429,1.6,3.0,0.533,0.5,0.5,1.0
202335,Patrick Patterson,1610612746,LAC,32.0,5.4,7.8,0.695,1.7,4.6,0.361,1.1,2.8,0.397,0.4,1.1,0.35,0.2,0.6,0.25,2.5,7.2,0.344,0.0,0.1,0.0
1630172,Patrick Williams,1610612741,CHI,19.0,11.3,17.7,0.638,4.3,9.2,0.472,3.6,7.6,0.477,0.8,2.0,0.395,0.7,1.9,0.388,4.8,14.6,0.327,0.0,0.0,0.0
201988,Patty Mills,1610612759,SAS,32.0,8.9,14.9,0.598,3.2,8.2,0.396,2.5,6.1,0.407,1.0,2.4,0.394,0.6,2.0,0.33,4.7,14.7,0.32,0.0,0.1,0.0
202331,Paul George,1610612746,LAC,30.0,10.1,16.3,0.619,5.1,11.8,0.432,3.5,7.9,0.439,1.1,2.4,0.483,0.9,2.4,0.386,6.5,18.2,0.357,0.0,0.1,0.0
200794,Paul Millsap,1610612743,DEN,36.0,7.3,10.8,0.682,3.4,7.6,0.446,2.4,5.7,0.419,1.3,2.6,0.474,1.0,2.5,0.393,4.6,11.9,0.383,0.0,0.1,0.0
1630194,Paul Reed,1610612755,PHI,21.0,2.2,4.5,0.49,0.3,1.1,0.273,0.6,1.7,0.368,0.2,1.0,0.2,0.6,1.6,0.364,1.5,5.1,0.286,0.0,0.0,0.0
1628778,Paul Watson,1610612761,TOR,26.0,4.4,6.6,0.658,0.9,2.5,0.346,0.9,2.0,0.425,0.7,2.0,0.333,0.5,1.1,0.429,1.8,5.8,0.312,0.0,0.1,0.0
1630202,Payton Pritchard,1610612738,BOS,23.0,6.2,9.4,0.654,2.9,6.7,0.431,1.8,4.6,0.395,0.5,1.5,0.356,0.7,1.7,0.409,4.1,10.4,0.392,0.0,0.1,0.0
1630173,Precious Achiuwa,1610612748,MIA,21.0,3.8,6.3,0.607,1.3,3.2,0.401,1.0,2.6,0.398,0.9,2.2,0.411,0.6,1.6,0.343,3.0,8.0,0.383,0.0,0.1,0.5
1626188,Quinn Cook,1610612739,CLE,28.0,2.9,5.3,0.549,1.0,2.3,0.412,0.6,1.4,0.407,0.4,0.9,0.417,0.6,0.9,0.636,0.8,3.2,0.254,0.0,0.1,0.0
1629683,Quinndary Weatherspoon,1610612759,SAS,24.0,1.5,2.5,0.6,0.8,1.2,0.692,0.3,1.0,0.3,0.7,1.3,0.556,0.7,2.3,0.286,1.4,2.4,0.577,0.0,0.0,0.0
1630181,R.J. Hampton,1610612753,ORL,20.0,4.8,6.9,0.698,1.0,3.0,0.342,1.0,2.7,0.368,0.6,1.8,0.321,0.6,1.8,0.31,2.2,6.1,0.354,0.0,0.1,0.0
1629628,RJ Barrett,1610612752,NYK,20.0,12.2,20.0,0.607,3.4,8.2,0.415,2.7,6.8,0.393,1.1,3.1,0.374,1.0,3.0,0.336,6.4,19.8,0.321,0.0,0.1,0.0
200765,Rajon Rondo,1610612746,LAC,35.0,5.5,8.7,0.63,1.4,4.3,0.328,1.3,3.2,0.395,0.7,1.8,0.39,0.5,1.2,0.379,3.1,8.6,0.366,0.0,0.1,0.0
203526,Raul Neto,1610612764,WAS,28.0,5.2,8.1,0.644,5.2,10.8,0.483,2.7,6.1,0.44,0.7,2.0,0.354,0.5,1.4,0.364,3.8,9.7,0.389,0.0,0.0,0.0
1629034,Ray Spalding,1610612745,HOU,24.0,5.0,8.0,0.625,1.5,3.0,0.5,1.0,2.0,0.5,0.0,1.0,0.0,1.0,1.5,0.667,0.5,5.0,0.1,,,
1629730,Rayjon Tucker,1610612755,PHI,23.0,0.8,1.3,0.6,0.0,0.0,0.0,0.0,0.8,0.0,,,,0.0,1.0,0.0,0.3,2.3,0.111,0.0,0.0,0.0
203493,Reggie Bullock,1610612752,NYK,30.0,10.3,16.8,0.616,2.4,5.8,0.409,2.2,5.4,0.405,0.9,2.5,0.359,0.7,2.3,0.3,5.3,16.1,0.328,0.0,0.0,0.0
202704,Reggie Jackson,1610612746,LAC,30.0,7.2,10.7,0.676,3.9,8.7,0.445,2.3,5.5,0.408,0.9,1.9,0.494,0.3,1.2,0.255,4.3,11.3,0.379,0.0,0.1,0.0
1629617,Reggie Perry,1610612751,BKN,21.0,3.8,5.6,0.674,1.4,3.4,0.418,1.1,2.4,0.436,0.8,1.2,0.643,0.5,1.3,0.4,2.3,7.8,0.296,0.0,0.0,0.0
1626158,Richaun Holmes,1610612758,SAC,27.0,12.1,18.3,0.661,4.5,10.8,0.422,3.2,7.9,0.41,0.9,2.4,0.377,0.5,1.6,0.292,6.3,16.0,0.391,0.0,0.1,0.0
201937,Ricky Rubio,1610612750,MIN,30.0,10.6,16.7,0.635,3.7,8.4,0.441,2.7,6.9,0.399,0.9,2.2,0.414,0.6,1.7,0.387,5.2,13.7,0.38,0.0,0.1,0.0
203496,Robert Covington,1610612757,POR,30.0,12.2,19.0,0.641,3.8,9.1,0.419,3.4,7.5,0.451,1.2,2.8,0.429,1.4,2.7,0.517,6.2,16.7,0.369,0.0,0.1,0.0
1629057,Robert Williams III,1610612738,BOS,23.0,5.2,7.8,0.66,3.1,6.6,0.466,1.9,4.1,0.463,0.6,1.6,0.371,0.8,1.8,0.429,3.7,10.1,0.363,0.0,0.1,0.0
1630218,Robert Woodard II,1610612758,SAC,21.0,1.1,1.7,0.667,0.2,0.6,0.4,0.1,0.9,0.167,0.5,1.0,0.5,0.0,0.5,0.0,0.8,1.9,0.412,0.0,0.0,0.0
201577,Robin Lopez,1610612764,WAS,33.0,4.9,7.9,0.613,4.3,9.3,0.463,3.1,6.7,0.47,0.8,2.1,0.389,0.7,2.0,0.367,3.9,10.2,0.377,0.0,0.0,0.0
1629066,Rodions Kurucs,1610612749,MIL,23.0,2.1,3.5,0.596,0.7,1.6,0.458,0.3,1.2,0.278,0.0,0.4,0.0,0.1,0.9,0.167,1.5,3.9,0.387,0.0,0.0,0.0
203918,Rodney Hood,1610612761,TOR,28.0,7.2,11.2,0.645,2.3,5.5,0.409,1.8,4.0,0.435,0.7,1.8,0.4,0.9,1.7,0.507,3.7,10.2,0.359,0.0,0.2,0.0
203585,Rodney McGruder,1610612765,DET,29.0,4.6,6.9,0.67,2.0,3.9,0.516,1.2,2.4,0.487,0.6,1.8,0.35,0.9,2.4,0.379,2.0,5.3,0.376,0.0,0.0,0.0
1626220,Royce O'Neale,1610612762,UTA,27.0,11.5,18.1,0.633,5.9,13.7,0.43,3.9,9.5,0.409,0.7,2.2,0.337,0.8,1.9,0.404,5.6,15.9,0.349,0.0,0.0,0.0
200752,Rudy Gay,1610612759,SAS,34.0,7.3,12.5,0.586,2.5,6.6,0.374,2.1,5.0,0.423,0.7,1.9,0.373,0.5,1.6,0.339,4.2,13.0,0.32,0.0,0.1,0.0
203497,Rudy Gobert,1610612762,UTA,28.0,9.8,16.1,0.608,5.0,13.3,0.376,4.1,10.2,0.398,0.6,2.0,0.319,0.8,1.8,0.419,5.5,16.5,0.332,0.0,0.1,0.0
1629060,Rui Hachimura,1610612764,WAS,23.0,8.9,13.5,0.66,7.0,14.5,0.48,4.3,9.9,0.434,1.2,3.1,0.387,0.9,2.5,0.354,6.7,17.3,0.385,0.0,0.0,0.0
201566,Russell Westbrook,1610612764,WAS,32.0,9.5,14.7,0.647,8.0,16.5,0.485,4.6,11.0,0.42,1.1,3.1,0.341,1.2,3.1,0.378,7.7,19.1,0.401,0.0,0.0,0.0
1627853,Ryan Arcidiacono,1610612741,CHI,27.0,4.3,6.8,0.633,1.6,3.7,0.421,1.4,3.0,0.483,0.6,1.1,0.55,0.4,0.8,0.5,1.5,6.0,0.246,0.0,0.1,0.0
1630240,Saben Lee,1610612765,DET,21.0,4.9,7.4,0.657,2.5,6.3,0.4,1.4,4.0,0.355,0.4,1.5,0.25,0.8,1.6,0.474,3.0,7.6,0.398,0.0,0.0,0.0
1630180,Saddiq Bey,1610612765,DET,21.0,9.8,14.9,0.656,3.7,8.2,0.455,2.0,5.3,0.382,0.7,2.0,0.333,0.7,2.3,0.293,4.3,11.6,0.374,0.0,0.1,0.0
1630241,Sam Merrill,1610612749,MIL,24.0,2.4,4.1,0.584,1.0,2.6,0.385,1.0,2.1,0.452,0.7,1.4,0.533,0.2,0.6,0.375,1.6,4.8,0.337,0.0,0.0,0.0
1630253,Sean McDermott,1610612763,MEM,24.0,6.4,8.5,0.745,1.4,2.5,0.556,1.1,2.4,0.458,0.6,1.6,0.375,0.5,1.9,0.267,2.5,7.9,0.31,0.0,0.0,0.0
1629635,Sekou Doumbouya,1610612765,DET,20.0,5.1,7.8,0.655,1.6,3.7,0.423,1.3,2.6,0.476,0.3,1.1,0.275,0.5,1.4,0.348,2.6,6.5,0.404,0.0,0.2,0.0
1628400,Semi Ojeleye,1610612738,BOS,26.0,6.2,9.0,0.69,3.3,7.5,0.436,2.1,5.1,0.405,0.5,1.7,0.288,0.5,1.5,0.333,3.2,9.3,0.343,0.0,0.0,0.0
201586,Serge Ibaka,1610612746,LAC,31.0,8.3,12.6,0.658,3.7,9.1,0.407,2.3,5.2,0.441,0.7,1.5,0.456,0.7,2.0,0.364,4.4,11.8,0.376,0.0,0.1,0.0
203552,Seth Curry,1610612755,PHI,30.0,10.4,16.8,0.618,3.7,8.9,0.417,2.9,7.8,0.366,0.8,2.4,0.349,0.5,1.8,0.292,6.2,15.8,0.39,0.0,0.1,0.0
1628983,Shai Gilgeous-Alexander,1610612760,OKC,22.0,13.0,19.3,0.674,4.7,10.4,0.455,3.7,8.8,0.42,1.3,3.0,0.443,1.2,3.1,0.394,6.8,19.6,0.347,0.0,0.1,0.0
1629003,Shake Milton,1610612755,PHI,24.0,8.5,13.4,0.634,3.3,8.5,0.382,2.3,6.6,0.352,0.5,1.8,0.279,0.6,1.7,0.381,4.5,12.4,0.358,0.0,0.1,0.0
1627885,Shaquille Harrison,1610612762,UTA,27.0,1.4,2.0,0.679,0.6,1.7,0.346,0.7,1.2,0.571,0.0,0.0,0.0,0.2,0.3,0.667,0.7,2.5,0.27,0.0,0.0,0.0
1628414,Sindarius Thornwell,1610612740,NOP,26.0,1.1,1.8,0.6,0.2,1.8,0.13,0.8,1.3,0.583,0.6,0.8,0.75,0.3,1.0,0.25,1.5,3.2,0.463,0.0,0.0,0.0
1630219,Skylar Mays,1610612737,ATL,23.0,3.1,4.7,0.647,0.8,1.8,0.424,0.8,2.0,0.406,0.3,1.3,0.25,0.6,1.1,0.5,1.8,4.8,0.366,0.0,0.2,0.0
203524,Solomon Hill,1610612737,ATL,30.0,6.9,10.8,0.634,2.3,5.2,0.431,2.2,4.7,0.473,0.6,1.5,0.423,0.6,1.4,0.397,3.7,10.8,0.347,0.0,0.1,0.0
203915,Spencer Dinwiddie,1610612751,BKN,27.0,8.3,14.3,0.581,1.7,7.0,0.238,2.3,8.3,0.28,0.7,1.7,0.4,0.3,2.7,0.125,2.3,9.0,0.259,0.0,0.0,0.0
1626169,Stanley Johnson,1610612761,TOR,24.0,4.9,7.4,0.656,1.9,4.4,0.438,1.2,2.6,0.447,0.8,1.7,0.468,0.6,1.6,0.357,3.1,8.2,0.373,0.0,0.0,0.0
201939,Stephen Curry,1610612744,GSW,33.0,10.2,16.4,0.626,5.1,12.3,0.414,3.2,8.6,0.373,1.2,2.9,0.427,1.4,3.4,0.41,7.0,19.4,0.361,0.0,0.1,0.0
1628425,Sterling Brown,1610612745,HOU,26.0,9.1,14.2,0.638,3.2,7.8,0.406,2.0,5.0,0.404,1.0,2.2,0.474,1.0,2.5,0.389,4.6,13.0,0.35,0.0,0.0,0.0
203500,Steven Adams,1610612740,NOP,27.0,9.8,14.9,0.659,3.8,8.7,0.441,2.2,6.2,0.358,1.1,3.0,0.368,0.9,2.3,0.388,7.0,17.3,0.403,0.0,0.1,0.0
1629004,Svi Mykhailiuk,1610612760,OKC,23.0,7.0,11.4,0.616,2.8,5.9,0.481,1.8,4.3,0.409,0.5,1.6,0.313,0.7,1.9,0.347,3.6,9.1,0.392,0.0,0.1,0.0
204456,T.J. McConnell,1610612754,IND,29.0,9.9,16.1,0.615,3.5,7.5,0.463,2.2,5.9,0.37,0.8,2.4,0.333,0.9,2.3,0.412,4.6,11.9,0.382,0.0,0.2,0.0
203933,T.J. Warren,1610612754,IND,27.0,12.0,19.8,0.608,2.5,8.3,0.303,2.5,6.3,0.4,1.0,2.8,0.364,1.0,2.5,0.4,5.0,11.5,0.435,0.0,0.3,0.0
1629605,Tacko Fall,1610612738,BOS,25.0,2.1,3.2,0.657,0.7,2.7,0.267,0.5,2.1,0.217,0.6,0.8,0.714,0.0,0.4,0.0,2.0,5.2,0.386,0.0,0.0,0.0
201959,Taj Gibson,1610612752,NYK,35.0,6.4,10.5,0.612,1.9,5.0,0.377,2.3,5.5,0.418,0.5,2.0,0.268,0.9,2.3,0.4,3.8,10.1,0.378,0.0,0.0,0.0
1629659,Talen Horton-Tucker,1610612747,LAL,20.0,6.5,10.3,0.636,2.1,5.9,0.357,1.3,3.7,0.344,0.6,1.6,0.388,0.7,1.6,0.439,3.7,11.2,0.329,0.0,0.1,0.0
1627752,Taurean Prince,1610612739,CLE,27.0,7.7,13.7,0.561,3.2,6.8,0.467,2.1,4.7,0.435,1.0,2.1,0.484,0.8,2.0,0.413,4.2,11.4,0.364,0.0,0.1,0.0
1629611,Terance Mann,1610612746,LAC,24.0,7.0,10.8,0.649,3.4,8.2,0.411,2.1,4.9,0.424,0.4,1.2,0.298,0.2,1.2,0.205,3.6,9.9,0.364,0.0,0.2,0.0
1629056,Terence Davis,1610612758,SAC,23.0,4.5,7.0,0.647,1.6,4.1,0.401,1.0,2.7,0.356,1.1,2.3,0.493,0.6,1.6,0.37,2.9,8.6,0.342,0.0,0.1,0.0
1628390,Terrance Ferguson,1610612755,PHI,22.0,1.4,1.8,0.783,0.6,1.1,0.538,0.2,0.7,0.25,0.0,0.3,0.0,0.2,0.4,0.5,0.6,2.0,0.292,0.0,0.0,0.0
203082,Terrence Ross,1610612753,ORL,30.0,10.2,15.7,0.65,3.4,8.7,0.392,2.6,6.7,0.391,1.1,2.4,0.43,0.8,2.3,0.321,6.7,18.3,0.367,0.0,0.1,0.0
1626179,Terry Rozier,1610612766,CHA,27.0,13.6,20.4,0.67,3.3,7.8,0.423,2.2,5.8,0.381,1.7,4.0,0.429,1.7,4.5,0.383,6.7,19.2,0.348,0.0,0.0,0.0
201152,Thaddeus Young,1610612741,CHI,32.0,9.7,15.0,0.642,3.3,7.3,0.451,2.5,6.0,0.422,0.8,1.6,0.508,0.8,2.1,0.391,4.3,12.7,0.336,0.0,0.1,0.0
203648,Thanasis Antetokounmpo,1610612749,MIL,28.0,3.0,4.8,0.632,1.3,3.7,0.364,1.4,2.6,0.529,0.4,1.2,0.367,0.3,1.0,0.333,2.5,6.6,0.373,0.0,0.2,0.0
1630177,Theo Maledon,1610612760,OKC,19.0,10.1,15.4,0.653,3.9,9.1,0.433,2.5,6.1,0.408,1.0,2.4,0.412,0.9,2.6,0.352,5.4,15.3,0.354,0.0,0.0,0.0
1629033,Theo Pinson,1610612752,NYK,25.0,0.6,0.8,0.727,0.3,0.9,0.333,0.7,0.8,0.857,0.0,0.5,0.0,0.0,1.0,0.0,0.8,1.9,0.435,0.0,0.0,0.0
1628418,Thomas Bryant,1610612764,WAS,23.0,6.8,9.7,0.701,6.7,13.1,0.511,3.3,7.2,0.458,1.6,3.3,0.467,0.5,1.7,0.294,5.8,14.6,0.397,0.0,0.0,0.0
1627748,Thon Maker,1610612739,CLE,24.0,2.6,5.0,0.525,1.5,2.1,0.706,1.6,4.1,0.379,0.5,1.1,0.444,0.8,1.8,0.429,1.5,5.4,0.279,0.0,0.0,0.0
204025,Tim Frazier,1610612763,MEM,30.0,2.7,6.0,0.444,1.0,2.0,0.5,1.7,3.3,0.5,0.3,1.3,0.25,0.3,1.7,0.2,1.0,4.7,0.214,0.0,0.0,0.0
203501,Tim Hardaway Jr.,1610612742,DAL,29.0,10.0,15.3,0.656,3.4,8.0,0.425,2.7,7.2,0.368,1.1,2.3,0.476,1.0,2.5,0.405,6.4,18.0,0.359,0.0,0.2,0.0
1627789,Timothe Luwawu-Cabarrot,1610612751,BKN,25.0,6.4,9.6,0.668,3.4,7.9,0.436,2.0,4.6,0.447,0.7,2.0,0.351,0.6,1.4,0.4,4.0,10.5,0.376,0.0,0.1,0.0
202699,Tobias Harris,1610612755,PHI,28.0,11.4,18.5,0.618,4.4,10.8,0.411,3.4,9.3,0.365,0.9,2.6,0.357,0.7,2.1,0.322,7.0,18.2,0.388,0.0,0.1,0.0
203107,Tomas Satoransky,1610612741,CHI,29.0,9.0,14.6,0.614,3.4,7.7,0.448,2.7,5.6,0.482,0.7,1.6,0.453,0.4,1.4,0.3,3.7,11.0,0.336,0.0,0.0,0.0
1628396,Tony Bradley,1610612760,OKC,23.0,4.9,7.7,0.639,1.8,4.6,0.386,0.9,3.5,0.247,0.6,1.7,0.345,0.5,1.4,0.391,3.0,7.8,0.386,0.0,0.1,0.0
203503,Tony Snell,1610612737,ATL,29.0,7.1,11.4,0.622,3.1,7.8,0.391,2.2,4.9,0.455,0.9,2.3,0.4,0.5,1.5,0.31,3.7,11.3,0.322,0.0,0.0,0.0
1628470,Torrey Craig,1610612756,PHX,30.0,3.8,6.0,0.629,2.2,3.8,0.563,1.4,2.9,0.493,0.3,1.2,0.28,0.4,1.0,0.391,2.8,8.2,0.34,0.0,0.1,0.0
1629027,Trae Young,1610612737,ATL,22.0,12.8,20.5,0.624,5.2,12.2,0.428,3.5,7.9,0.442,1.3,3.1,0.424,1.0,2.6,0.373,5.8,17.5,0.333,0.0,0.0,0.0
1630200,Tre Jones,1610612759,SAS,21.0,1.6,2.5,0.643,0.6,1.4,0.4,0.4,1.4,0.304,0.9,1.4,0.6,1.3,2.0,0.625,1.0,2.5,0.415,0.0,0.0,0.0
1629682,Tremont Waters,1610612738,BOS,23.0,3.3,4.6,0.706,1.1,3.7,0.297,0.8,2.4,0.346,0.3,1.2,0.273,0.1,0.8,0.167,2.0,4.6,0.436,0.0,0.0,0.0
1630235,Trent Forrest,1610612762,UTA,22.0,1.7,1.9,0.87,0.7,1.8,0.375,0.8,1.1,0.667,0.1,0.4,0.333,0.2,0.7,0.333,0.7,3.1,0.216,0.0,0.0,0.0
2772,Trevor Ariza,1610612748,MIA,35.0,7.8,12.0,0.646,2.3,5.8,0.391,2.3,4.6,0.486,1.1,4.3,0.267,0.6,1.9,0.333,5.5,15.1,0.364,0.0,0.0,0.0
203504,Trey Burke,1610612742,DAL,28.0,4.9,7.7,0.64,2.2,5.1,0.435,1.5,3.5,0.429,0.5,1.4,0.392,0.7,1.5,0.439,2.7,8.3,0.328,0.0,0.2,0.0
1626168,Trey Lyles,1610612759,SAS,25.0,6.1,10.0,0.612,1.9,5.1,0.372,1.1,2.4,0.453,0.8,1.8,0.469,0.9,1.6,0.56,3.6,9.3,0.385,0.0,0.1,0.0
202684,Tristan Thompson,1610612738,BOS,30.0,7.7,11.7,0.658,3.4,7.8,0.44,2.3,5.1,0.44,0.9,2.0,0.435,0.6,2.0,0.319,4.5,12.1,0.373,0.0,0.0,0.0
1628972,Troy Brown Jr.,1610612741,CHI,21.0,3.2,5.1,0.619,3.0,6.0,0.497,1.8,4.9,0.37,1.0,1.8,0.543,0.2,0.9,0.235,3.0,7.4,0.404,0.0,0.0,0.0
1629660,Ty Jerome,1610612760,OKC,23.0,9.6,13.8,0.694,4.4,10.1,0.437,3.3,6.6,0.5,0.4,2.0,0.214,0.6,1.9,0.308,4.9,14.0,0.347,0.0,0.1,0.0
1630234,Ty-Shon Alexander,1610612756,PHX,22.0,0.7,1.3,0.5,0.3,0.7,0.5,0.5,0.5,1.0,1.0,1.0,1.0,0.0,2.0,0.0,0.8,1.5,0.5,,,
1630189,Tyler Bey,1610612742,DAL,23.0,1.4,2.2,0.65,0.3,1.0,0.25,0.3,0.6,0.5,0.0,1.0,0.0,0.3,0.8,0.333,0.7,1.7,0.4,0.0,0.0,0.0
1629076,Tyler Cook,1610612765,DET,23.0,2.5,4.3,0.574,2.6,6.2,0.426,0.5,3.0,0.182,0.2,1.3,0.167,0.7,1.0,0.667,2.7,5.4,0.508,0.0,0.0,0.0
1629639,Tyler Herro,1610612748,MIA,21.0,9.9,16.1,0.619,3.8,9.2,0.407,2.7,7.1,0.387,1.5,4.2,0.36,1.2,2.9,0.404,6.8,18.5,0.37,0.0,0.1,0.2
204020,Tyler Johnson,1610612751,BKN,28.0,6.1,9.1,0.673,2.2,6.1,0.36,1.9,4.0,0.467,0.8,2.3,0.358,0.5,1.6,0.333,3.4,9.6,0.354,0.0,0.0,0.0
1630179,Tyrell Terry,1610612742,DAL,20.0,2.4,3.1,0.786,0.6,1.7,0.353,0.8,1.7,0.467,0.0,1.0,0.0,0.0,0.8,0.0,0.7,2.2,0.333,0.0,0.0,0.0
1630169,Tyrese Haliburton,1610612758,SAC,21.0,12.6,18.7,0.675,4.8,11.8,0.409,2.8,7.7,0.367,0.9,2.2,0.4,0.7,2.1,0.341,5.9,14.5,0.403,0.0,0.2,0.125
1630178,Tyrese Maxey,1610612755,PHI,20.0,5.9,9.0,0.649,2.0,4.6,0.424,1.2,3.7,0.338,0.4,1.4,0.256,0.5,1.4,0.341,3.1,8.0,0.388,0.0,0.0,0.0
1626145,Tyus Jones,1610612763,MEM,24.0,6.9,10.9,0.634,2.6,5.8,0.445,1.9,4.6,0.41,0.8,2.0,0.4,0.6,1.3,0.439,4.0,11.4,0.354,0.0,0.1,0.0
1628962,Udoka Azubuike,1610612762,UTA,21.0,1.7,2.4,0.731,0.6,1.8,0.318,0.9,1.3,0.667,0.0,0.0,0.0,0.3,0.5,0.667,1.0,3.3,0.303,0.0,0.0,0.0
1630176,Vernon Carey Jr.,1610612766,CHA,20.0,1.7,3.2,0.526,0.1,0.6,0.25,0.4,0.7,0.6,0.5,0.7,0.75,0.3,0.7,0.5,0.9,2.7,0.316,0.0,0.0,0.0
203506,Victor Oladipo,1610612748,MIA,28.0,11.7,18.9,0.617,4.3,10.6,0.403,2.6,7.0,0.376,1.3,2.9,0.437,1.1,2.8,0.393,6.2,16.9,0.364,0.0,0.2,0.0
1629738,Vincent Poirier,1610612755,PHI,27.0,1.6,1.9,0.824,0.7,1.4,0.5,0.2,0.9,0.222,0.0,0.0,0.0,0.0,0.0,0.0,0.5,1.8,0.278,0.0,0.0,0.0
1628427,Vlatko Cancar,1610612743,DEN,23.0,2.7,3.7,0.741,0.5,1.4,0.333,0.4,1.1,0.36,0.9,1.8,0.5,0.4,1.0,0.385,1.3,3.9,0.333,0.0,0.1,0.0
201961,Wayne Ellington,1610612765,DET,33.0,8.7,13.9,0.631,3.9,8.6,0.46,2.3,5.3,0.436,0.6,1.7,0.328,0.8,1.9,0.413,4.1,10.9,0.381,0.0,0.0,0.0
1628976,Wendell Carter Jr.,1610612753,ORL,21.0,8.3,13.4,0.621,3.7,7.8,0.471,3.1,7.1,0.44,0.9,2.2,0.405,0.9,1.8,0.484,4.6,13.2,0.35,0.0,0.0,0.0
1629117,Wenyen Gabriel,1610612740,NOP,24.0,1.3,2.0,0.667,0.2,0.6,0.333,0.0,0.5,0.0,1.3,1.3,1.0,0.0,0.5,0.0,0.5,1.8,0.273,0.0,0.0,0.0
1628411,Wes Iwundu,1610612740,NOP,26.0,4.2,6.7,0.635,1.4,3.5,0.402,1.0,3.2,0.325,0.6,1.3,0.476,0.5,1.3,0.364,2.8,7.4,0.371,0.0,0.1,0.0
202083,Wesley Matthews,1610612747,LAL,34.0,7.1,11.3,0.633,2.6,6.9,0.383,1.9,4.7,0.414,0.6,1.5,0.404,0.5,1.4,0.382,3.8,10.9,0.35,0.0,0.1,0.0
203115,Will Barton,1610612743,DEN,30.0,10.0,15.2,0.663,4.3,9.8,0.44,3.4,8.0,0.419,1.4,3.4,0.419,1.1,3.0,0.383,6.0,16.2,0.371,0.0,0.1,0.0
1630266,Will Magnay,1610612740,NOP,22.0,2.0,2.0,1.0,0.0,0.0,0.0,0.0,0.0,0.0,2.0,2.0,1.0,,,,1.0,2.0,0.5,,,
1626161,Willie Cauley-Stein,1610612742,DAL,27.0,5.1,7.8,0.648,2.3,5.4,0.432,1.6,4.4,0.355,0.5,1.5,0.362,0.8,1.7,0.455,3.6,10.5,0.343,0.0,0.1,0.0
1626195,Willy Hernangomez,1610612740,NOP,26.0,6.4,9.5,0.679,1.6,4.4,0.364,1.4,3.4,0.418,0.8,1.9,0.442,0.6,1.2,0.519,3.9,10.4,0.378,0.0,0.0,0.0
1630214,Xavier Tillman,1610612763,MEM,22.0,5.3,8.6,0.623,2.7,5.8,0.475,1.7,4.1,0.406,0.7,1.7,0.414,0.7,1.3,0.545,3.8,10.7,0.356,0.0,0.0,0.0
1627812,Yogi Ferrell,1610612739,CLE,27.0,4.5,12.0,0.375,4.5,7.0,0.643,2.0,3.0,0.667,1.0,1.0,1.0,1.0,2.0,0.5,4.0,10.5,0.381,0.0,0.0,0.0
1629139,Yuta Watanabe,1610612761,TOR,26.0,3.7,5.6,0.65,1.4,3.2,0.43,0.6,1.7,0.34,0.5,1.4,0.375,0.5,1.4,0.394,2.5,6.9,0.363,0.0,0.0,0.0
203897,Zach LaVine,1610612741,CHI,26.0,13.4,20.9,0.639,5.3,11.2,0.474,4.2,9.1,0.462,1.1,2.6,0.415,1.1,2.5,0.432,6.5,18.8,0.344,0.0,0.1,0.0
1630192,Zeke Nnaji,1610612743,DEN,20.0,4.7,6.3,0.744,1.4,3.0,0.465,0.9,2.2,0.403,0.8,1.8,0.464,0.6,1.6,0.387,1.9,6.2,0.308,0.0,0.1,0.0
1629627,Zion Williamson,1610612740,NOP,20.0,12.1,18.3,0.66,3.9,8.9,0.434,2.6,7.1,0.369,1.6,3.9,0.407,1.1,2.8,0.402,7.9,20.5,0.386,0.0,0.1,0.0
